compound_embedding_row_index,compound_name,n_test_signatures,n_test_cell_lines,mean_response_mse,median_response_mse,mean_response_mae,mean_response_cosine,mean_response_pearson,source_normalized_inverted_score,n_profiles
74,Seocalcitol; seocalcitol,36,10,0.77897424,0.77686834,0.7053745,0.6304373393456141,0.6311456362406412,0.8198536329811437,36
99,Ibrutinib; ibrutinib,124,48,0.78434026,0.7707054,0.70715576,0.6220634320089894,0.6213643690270763,0.8575665277152715,149
107,PD-168393; Pd 168393,12,6,0.7188823,0.72549105,0.68372804,0.6209268718957901,0.6188065956036249,0.6317979854929321,12
168,Ixabepilone; ixabepilone,38,11,0.603882,0.6225042,0.6188495,0.7054900095651024,0.7064101350934882,0.8492724388078734,38
187,ATN-161; Atn-161,4,3,0.78680605,0.76414716,0.6965401,0.6255140006542206,0.6243707090616226,0.4751523159621152,4
230,AZD-1981; Azd-1981,5,4,0.7059385,0.6900121,0.6762589,0.6220742106437683,0.6195174098014832,0.5412519901092994,5
283,"1-[(3S,8S,9R,10R,13S,14S,17R)-3-hydroxy-10,13-dimethyl-2,3,4,7,8,9,11,12,14,15,16,17-dodecahydro-1H-cyclopenta[a]phenanthren-17-yl]ethanone; pregnenolone",5,5,0.82199794,0.768333,0.72511137,0.6346413373947144,0.6380568385124207,0.9463703104605212,9
355,Quizartinib; quizartinib,48,28,0.7454629,0.74355817,0.69156176,0.6400200637678305,0.640495490282774,0.7469113731866766,49
419,Ciclesonide; ciclesonide,30,8,0.753342,0.72515273,0.6942501,0.648319935798645,0.6493083298206329,0.6499442408662017,30
425,Sibutramine; sibutramine,1,1,0.60519767,0.60519767,0.63095313,0.6512338519096375,0.6538509726524353,0.4873037390353296,1
438,"KHS-101; N4-isobutyl-N2-((2-phenylthiazol-4-yl)methyl)pyrimidine-2,4-diamine",8,8,0.719136,0.71224105,0.66676134,0.6423925906419754,0.644634060561657,0.33115956743388,8
459,(2S)-4-methyl-N-[(2S)-1-[[(2S)-4-methyl-1-[(2R)-2-methyloxiran-2-yl]-1-oxopentan-2-yl]amino]-1-oxo-3-phenylpropan-2-yl]-2-[[(2S)-2-[(2-morpholin-4-ylacetyl)amino]-4-phenylbutanoyl]amino]pentanamide; Carfilzomib; carfilzomib,65,11,0.7433471,0.7249966,0.6851521,0.62780945117657,0.6275664026920612,0.8817551277054548,85
473,EPZ-5676; Pinometostat,11,5,0.8149431,0.7897589,0.7224823,0.5873161391778425,0.5867835716767744,0.7568325697338787,32
485,Betaxolol; betaxolol,1,1,0.6194148,0.6194148,0.62466484,0.6440422534942627,0.6400381922721863,0.8007071362574523,5
489,Isamoltan; isamoltane,2,2,0.87784195,0.87784195,0.7544598,0.6632629930973053,0.6689124405384064,0.5225144032306626,2
505,Travoprost; travoprost,4,4,0.76733136,0.7228985,0.70898855,0.6382617205381393,0.6364216506481171,0.7066790844019218,4
507,APD-668; Apd-668,2,2,0.7776009,0.7776009,0.7194886,0.6184849739074707,0.6189031302928925,0.541495650264642,3
520,JDTic; Jdtic,1,1,0.62719214,0.62719214,0.64558005,0.6552771329879761,0.6526798009872437,0.2646684555588112,1
581,Ritonavir; ritonavir,4,2,0.7359232,0.7262036,0.6784775,0.6175190210342407,0.6159678548574448,0.8620850141348416,146
624,Bupropion; bupropion,6,6,0.71627074,0.6556119,0.657685,0.6196813186009725,0.6187742352485657,0.8546337623964044,10
630,Lofexidine; lofexidine,1,1,0.85179573,0.85179573,0.73056865,0.5949617624282837,0.5919488668441772,0.5384986762091997,1
636,4-[(E)-4-(4-hydroxyphenyl)hex-3-en-3-yl]phenol; Diethylstilbestrol,14,9,0.7921317,0.79418325,0.704487,0.6261725894042424,0.6260606561388288,0.7574675902601772,23
642,"(4Z,7Z,10Z,13Z,16Z,19Z)-docosa-4,7,10,13,16,19-hexaenoic acid; Doconexent",27,9,0.7823034,0.7776092,0.7086573,0.6022572208333898,0.6001011972074155,0.8918671179412342,29
646,Deacetoxy-7-oxisogedunin; gedunin,4,3,0.8377623,0.87143934,0.71849954,0.6144738644361496,0.6161234080791473,0.592234633601544,4
665,"(Z)-7-[(2R)-2-amino-2-carboxyethyl]sulfanyl-2-[[(1S)-2,2-dimethylcyclopropanecarbonyl]amino]hept-2-enoic acid; Cilastatin",1,1,0.87510645,0.87510645,0.74899924,0.5717650651931763,0.5736011862754822,0.8117627804449841,3
670,"(1S,2S,4R,8R,9S,11R,12S,13S)-12-fluoro-11-hydroxy-8-(2-hydroxyacetyl)-6,6,9,13-tetramethyl-5,7-dioxapentacyclo[10.8.0.02,9.04,8.013,18]icosa-14,17-dien-16-one; BRD-K41708980",8,2,0.60076225,0.59497905,0.61465836,0.6860819682478905,0.6856350004673004,0.8392544138764708,8
710,"(4-Benzoyloxy-5,6-dihydroxy-3,11,11,14-tetramethyl-15-oxo-7-tetracyclo[7.5.1.01,5.010,12]pentadeca-2,7-dienyl)methyl benzoate; ingenol",36,11,0.7370607,0.71975034,0.68177646,0.6310078981849883,0.6325847158829371,0.8814762129682053,36
717,"7-chloro-3-methyl-4H-1lambda6,2,4-benzothiadiazine 1,1-dioxide; Diazoxide; diazoxide",6,6,0.8398109,0.8383244,0.7320431,0.6480123698711395,0.644901285568873,0.6735757537900093,12
739,Romidepsin; romidepsin,119,13,0.8222774,0.82843983,0.7216525,0.5743551179140556,0.5764152021969066,0.9024819002026976,131
746,FIT; Fentanyl isothiocyanate,11,9,0.7085287,0.6696904,0.6702941,0.6200398423454978,0.6201458194039084,0.5593895656027834,11
769,"N-Cyano-N'-(1,1-dimethylpropyl)-N''-3-pyridinylguanidine; P-1075",2,2,0.8095926,0.8095926,0.7326242,0.588226705789566,0.5857271254062653,0.476190823027405,2
798,Bucladesine; bucladesine,16,12,0.7904697,0.7736006,0.7040459,0.6046734899282455,0.6056300513446331,0.6738985279366643,22
845,"DL-PDMP; N-[(1R,2R)-1-hydroxy-3-morpholin-4-yl-1-phenylpropan-2-yl]decanamide",19,12,0.83365154,0.7974997,0.72723025,0.6212999193291915,0.6217110596205059,0.6548912515920335,19
865,"3-Acetyl-5-hydroxy-4,5-dimethyl-1-octyl-2-pyrrolone; MT-21",2,2,0.84348416,0.84348416,0.7344975,0.583148330450058,0.5756294429302216,0.0,2
879,"5-fluoro-N-hexyl-2,4-dioxopyrimidine-1-carboxamide; Carmofur; carmofur",3,3,0.76701283,0.8249773,0.7165001,0.6553714871406555,0.6579650044441223,0.8144705834490344,18
885,"(2R,3S)-3-(6-amino-9H-purin-9-yl)nonan-2-ol; EHNA",2,2,0.8967365,0.8967365,0.7376037,0.5777053833007812,0.575402706861496,0.5000541902404498,2
894,"(9Z,11E,13S)-13-Hydroxyoctadeca-9,11-Dienoic Acid; HO-013",3,3,0.78883606,0.7872501,0.72099394,0.5812835097312927,0.5776596466700236,0.6723239571141573,3
900,Prostaglandin E2; dinoprostone,6,5,0.891556,0.9144167,0.74947375,0.613893965880076,0.6097231507301331,0.8946866881981104,13
940,Fusaric Acid; fusaric-acid,1,1,0.7846011,0.7846011,0.7318946,0.6540692448616028,0.65420001745224,0.7452082814174397,5
942,Parbendazole; parbendazole,121,36,0.6994605,0.69697475,0.6648396,0.6973975241676835,0.6985300001034067,0.9026362844453126,125
949,Dronedarone; dronedarone,14,10,0.68119663,0.65696454,0.6577358,0.6313036935670036,0.6307779422828129,0.7588863688065395,15
1013,UNC-1999; Unc1999,6,2,0.8167531,0.8323723,0.7185425,0.6181253989537557,0.6157736877600352,0.8348833618541472,22
1017,vardenafil,4,4,0.6749426,0.68715554,0.6560025,0.6489429324865341,0.6478741317987442,0.662369862491945,4
1030,"(E)-2-cyano-3-(3,4-dihydroxy-5-nitrophenyl)-N,N-diethylprop-2-enamide; Entacapone",1,1,0.80203646,0.80203646,0.74144644,0.6453580260276794,0.648436963558197,0.7637121855806107,15
1041,Diethylpropion; amfepramone,2,2,0.7704455,0.7704455,0.68339,0.6010177731513977,0.5949986577033997,0.4952494153214837,2
1044,"BIBU-1361; N-(3-chloro-4-fluorophenyl)-6-[4-(diethylaminomethyl)-1-piperidinyl]-4-pyrimido[5,4-d]pyrimidinamine",16,10,0.69177634,0.6571287,0.66073346,0.6490025110542774,0.6489613130688667,0.7997351404601037,16
1060,N-Acetylprocainamide; acecainide,1,1,0.670848,0.670848,0.6257936,0.6328048706054688,0.6296499371528625,0.8424581749870301,1
1065,Enclomiphene; clomifene,41,16,0.7418672,0.7346451,0.6896335,0.6330964739729719,0.632168166521119,0.7502466722832587,45
1090,Ethotoin; ethotoin,3,3,0.84678334,0.92302585,0.71148753,0.597309947013855,0.5938231945037842,0.8749196730078249,9
1091,"Methyllycaconitine Perchlorate, Delphinium sp.; methyllycaconitine",1,1,0.79519594,0.79519594,0.7123806,0.5681366324424744,0.5762025117874146,0.1507960869073459,1
1093,"8-Chloro-4-(3-chloro-4-fluoroanilino)-6-(((1-(1-ethylpiperidin-4-yl)-1H-1,2,3-triazol-4-yl)methyl)amino)quinoline-3-carbonitrile; KIN001-266",11,8,0.7301758,0.7128885,0.6856622,0.6216716224497015,0.621169469573281,0.4563962270108225,11
1099,KU-0060648,29,11,0.6407122,0.61886656,0.6386644,0.6395428756187702,0.6364317824100626,0.8741516757680285,29
1116,"4-[4,4-bis(4-fluorophenyl)butyl]-N-ethylpiperazine-1-carboxamide; Amperozide; amperozide",7,7,0.7819897,0.77292216,0.70966184,0.6350731679371425,0.6389268551553998,0.8096596096552728,10
1153,"SR8278; ethyl 2-(5-methylsulfanylthiophene-2-carbonyl)-3,4-dihydro-1H-isoquinoline-3-carboxylate",1,1,0.64093184,0.64093184,0.64321375,0.6184956431388855,0.6154108643531799,0.8855918876355734,5
1168,Ezogabine; retigabine,4,3,0.8171833,0.79234946,0.7142641,0.6053077280521393,0.6044054478406906,0.4678555664064608,5
1170,Moricizine; moracizine,1,1,0.7122685,0.7122685,0.68465114,0.6707800030708313,0.669653058052063,0.8588137219841243,5
1173,Loteprednol Etabonate; loteprednol,6,4,0.8999076,0.82053363,0.75342494,0.6524010499318441,0.6569527586301168,0.7785290484581406,6
1192,2-[[4-(2-Thiophen-2-yl-4-quinazolinyl)-1-piperazinyl]sulfonyl]benzoic acid ethyl ester; BRD-K88761633,4,3,0.7515652,0.7541025,0.6830921,0.6547023952007294,0.6581136733293533,0.0,4
1195,Etazolate; etazolate,5,3,0.76181996,0.8144175,0.6851551,0.6195667266845704,0.6165026903152466,0.771031557174082,5
1278,Ascomycin; sirolimus,651,65,0.7539955,0.7486881,0.6919453,0.6172891780161821,0.6175544723387687,0.9443876559653588,676
1288,"(3R,5R)-7-[(1R,2S,6S,8R,8aR)-6-hydroxy-2-methyl-8-[(2S)-2-methylbutanoyl]oxy-1,2,6,7,8,8a-hexahydronaphthalen-1-yl]-3,5-dihydroxyheptanoic acid; pravastatin",6,5,0.7412834,0.7836886,0.68300825,0.6140076120694479,0.6153569420178732,0.8318064801034504,6
1320,"(8S,13R,17S)-13,17-diethyl-17-hydroxy-1,2,6,7,8,14,15,16-octahydrocyclopenta[a]phenanthren-3-one; gestrinone",18,7,0.8058832,0.78528726,0.71460164,0.6303226980898116,0.631590399477217,0.8884364638540069,18
1329,"2-((2,6-Dimethylphenyl)amino)-N,N,N-triethyl-2-oxoethanaminium; QX-314; [2-(2,6-dimethylanilino)-2-oxoethyl]-triethylazanium",1,1,0.7498226,0.7498226,0.70141363,0.6132484078407288,0.6106162071228027,0.8035785788926546,6
1346,CAY-10415; Mitoglitazone,5,4,0.9193276,0.77877164,0.7610045,0.6465771198272705,0.6457326889038086,0.2422716836487668,5
1393,"2-(3,4-dichlorophenyl)-N-methyl-N-[(1S,2S)-2-(1-pyrrolidinyl)cyclohexyl]acetamide; BRD-K53532120",1,1,0.77118623,0.77118623,0.7019382,0.6741079092025757,0.6686906814575195,0.4835937001799899,1
1408,Camostat; camostat-mesilate,1,1,0.7304667,0.7304667,0.67489344,0.6804968118667603,0.680849015712738,0.4361985439036927,1
1446,HLI-373,19,18,0.7700877,0.7298263,0.7053323,0.6069101816729495,0.603036460123564,0.7539311543965808,19
1447,Escitalopram; escitalopram,6,6,0.8792057,0.83631337,0.7501852,0.6056167582670847,0.6041760643323263,0.7313248861506326,6
1461,SB-590885,51,23,0.7980113,0.7668388,0.71156055,0.6062203598957435,0.6065890064426497,0.8276915467275712,51
1525,necrostatin-1,11,7,0.853504,0.83643836,0.74139977,0.6149783676320856,0.6154314929788763,0.6275402057428907,11
1526,"(4aS,4bS,6aS,7S,9aS,9bS,11aR)-3-Fluoro-2,4a,4b,5,6,6a,7,8,9,9a,9b,10,11,11a-tetradecahydro-N-(3H-imidazo(4,5-b)pyridin-2-ylmethyl)-1,4a,6a-trimethyl-2-oxo-1H-indeno(5,4-f)quinoline-7-carboxamide; MK-0773",1,1,0.8735602,0.8735602,0.7203082,0.5855046510696411,0.599258542060852,0.3554898795529998,1
1541,"8-Methyl-8-azabicyclo(3.2.1)octan-3-yl 3,5-dichlorobenzoate; bemesetron",5,5,0.7999384,0.76422095,0.7102198,0.6077605247497558,0.6073379397392273,0.5698171719441065,5
1554,EMD-1214063; Tepotinib,4,4,0.703512,0.72666633,0.67203057,0.6355988383293152,0.636523500084877,0.3848263545112506,4
1567,Homochlorcyclizine; homochlorcyclizine,4,4,0.76166564,0.6881322,0.7077663,0.6391572058200836,0.6373257786035538,0.6154051578840162,8
1627,"Trans-2,3,3a,12b-tetrahydro-2-methyl-1H-dibenz(2,3:6,7)oxepino(4,5-c)pyrrole (e)-2-butenedioate; asenapine",2,2,0.6786752,0.6786752,0.6662386,0.5651613175868988,0.5764602720737457,0.8273122948381229,6
1628,"(+)-Nomifensine; (4R)-2-methyl-4-phenyl-3,4-dihydro-1H-isoquinolin-8-amine",1,1,0.934707,0.934707,0.78007996,0.5830609798431396,0.5769907236099243,0.8847604715151223,13
1670,"Orteronel, (R)-; orteronel",9,6,0.86342853,0.8806902,0.7399838,0.582556234465705,0.5799283650186327,0.4985944054772577,10
1682,BRD-A61189834; N-(1H-indol-5-yl)-1-[3-methyl-2-[[2-(methylamino)-1-oxopropyl]amino]-1-oxobutyl]-2-pyrrolidinecarboxamide,1,1,0.74434364,0.74434364,0.68740606,0.6184220910072327,0.6177254915237427,0.6422704377853885,1
1699,(3R)-N-methyl-3-(2-methylphenoxy)-3-phenylpropan-1-amine; Atomoxetine; atomoxetine,4,3,0.87500423,0.83263016,0.7508191,0.6111724078655243,0.6082781404256821,0.7405385272355913,6
1703,Genz-644282; genz-644282,78,11,0.73011756,0.7328229,0.6811469,0.5994282861550649,0.5992462252959226,0.91984713438195,78
1722,"Sertraline, trans-(A+-)-; sertraline",45,22,0.7429101,0.731231,0.6841619,0.6422922624482049,0.6417841010623508,0.8222612760277465,46
1729,Ro 04-6790; Ro-04-6790,1,1,0.8344196,0.8344196,0.7445247,0.6124788522720337,0.6125238537788391,0.5931177397007323,1
1732,"N-[(2S,3S)-1-benzyl-2-methylpyrrolidin-3-yl]-5-chloro-2-methoxy-4-(methylamino)benzamide;N-[(2R,3R)-1-benzyl-2-methylpyrrolidin-3-yl]-5-chloro-2-methoxy-4-(methylamino)benzamide; nemonapride",6,4,0.78972656,0.79919827,0.71225554,0.5980286399523417,0.5953281819820404,0.40113075807612,6
1762,"BRD-K88741031; Methyl 2,5-dihydroxycinnamate; erbstatin-analog; methyl (E)-3-(2,5-dihydroxyphenyl)acrylate",20,11,0.81583786,0.87809646,0.7211293,0.6253628641366958,0.623479300737381,0.7467422314609069,20
1767,Esmolol; esmolol,1,1,0.47166488,0.47166488,0.5471455,0.5955819487571716,0.5964752435684204,0.8706917003570904,2
1794,Rescinnamine; rescinnamine,1,1,0.8144808,0.8144808,0.72547984,0.6673564314842224,0.6661565899848938,0.915453154832466,4
1837,Mibefradil; mibefradil,32,14,0.70943373,0.7122779,0.6732258,0.6506750620901585,0.6500083394348621,0.6211017251065274,32
1854,"5-[[1-(2,4-Difluorophenyl)-2,5-dimethylpyrrol-3-yl]methylidene]-2-(2-methoxyethylimino)-3-methyl-1,3-thiazolidin-4-one; BRD-K12401458",1,1,1.081545,1.081545,0.8404583,0.5835511684417725,0.58432936668396,0.6849622697170252,1
1902,"Rifapentine; [(7S,9E,11S,12R,13S,14R,15R,16R,17S,18S,19E,21Z)-26-[(E)-(4-cyclopentylpiperazin-1-yl)iminomethyl]-2,15,17,27,29-pentahydroxy-11-methoxy-3,7,12,14,16,18,22-heptamethyl-6,23-dioxo-8,30-dioxa-24-azatetracyclo[23.3.1.14,7.05,28]triaconta-1(29),2,4,9,19,21,25,27-octaen-13-yl] acetate",5,4,0.75314295,0.79535913,0.70118827,0.6559170484542847,0.6565036416053772,0.7814483856349563,8
1992,"2-[2-Methoxy-4-(4-methyl-1-piperazinyl)anilino]-5,11-dimethyl-6-pyrimido[4,5-b][1,4]benzodiazepinone; XMD-885",45,29,0.62692606,0.6083797,0.6277033,0.6518653472264607,0.6493026508225335,0.8652678284288233,45
1996,N-[4-(9-acridinylmethyl)-3-methoxyphenyl]methanesulfonamide; amsacrine,91,22,0.7127891,0.6926732,0.6731238,0.611520325089549,0.6136326737456269,0.9100605967132264,233
2007,IC-261; IC261,13,9,0.762324,0.7878593,0.69978803,0.6294155991994418,0.628498205771813,0.8562178337030986,13
2008,Buflomedil; buflomedil,2,2,0.6745908,0.6745908,0.65369093,0.5971459746360779,0.602525919675827,0.7353734646889243,6
2026,"(8aR,9R)-5-[[(2R,4aR,6R,7R,8R)-7,8-dihydroxy-2-thiophen-2-yl-4,4a,6,7,8,8a-hexahydropyrano[3,2-d][1,3]dioxin-6-yl]oxy]-9-(4-hydroxy-3,5-dimethoxyphenyl)-5a,6,8a,9-tetrahydro-5H-isobenzofuro[6,5-f][1,3]benzodioxol-8-one; teniposide",47,14,0.6869107,0.66963756,0.65514886,0.634079136746995,0.6341111977049645,0.918110815540478,47
2045,"Ivabradine, (-)-; ivabradine",3,2,0.80879974,0.7803196,0.72877616,0.6463349064191183,0.6407173275947571,0.9485564629453286,6
2069,"1-[2-chloro-4-(6,7-dimethoxyquinolin-4-yl)oxyphenyl]-3-(5-methyl-1,2-oxazol-3-yl)urea; Tivozanib; tivozanib",61,29,0.80705863,0.81551635,0.71473515,0.620151584265662,0.620808557408755,0.8477370672449744,65
2075,Dacomitinib; dacomitinib,39,21,0.71280384,0.69920087,0.67246825,0.6643324693044027,0.665236003887959,0.7595481413365546,39
2092,Adapalene; adapalene,22,12,0.7024937,0.67526317,0.66929305,0.6227853867140684,0.6240745484828949,0.6146019145003662,22
2136,Hesperidin,2,2,0.67009777,0.67009777,0.64593595,0.6471167206764221,0.6473142206668854,0.9092332271314832,144
2139,"2-[3-[(2,6-Dimethylphenoxy)methyl]-4-methoxyphenyl]-3-(3-pyridinylmethyl)-1,2-dihydroquinazolin-4-one; BRD-A61599461",1,1,0.64079726,0.64079726,0.5888448,0.5931084156036377,0.5896382331848145,0.5978352732020797,1
2157,"Anisomycin, (+)-; anisomycin",16,11,0.67750055,0.6734171,0.66538,0.603875532746315,0.6093131341040134,0.8360817641856693,20
2171,"(4-Amino-2-(1-methanesulfonylpiperidin-4-ylamino)pyrimidin-5-yl)(2,3-difluoro-6-methoxyphenyl)methanone; R-547",173,55,0.77964634,0.78455967,0.7007451,0.6003157706618998,0.599399655196019,0.9432033048926032,173
2174,"1-(2,4-dimethoxyphenyl)-3-(2,6-dimethylphenyl)-1-[6-[4-(4-methylpiperazin-1-yl)anilino]pyrimidin-4-yl]urea; HG-9-91-01",22,14,0.82643795,0.7925113,0.7161887,0.5959162454713475,0.5958232974464243,0.4602126964439479,22
2231,Levomepromazine; levomepromazine,2,2,0.75378203,0.75378203,0.68884444,0.592288613319397,0.5870537459850311,0.8711190307512019,6
2275,Epirubicin; epirubicin,194,50,0.67463076,0.6697886,0.65157413,0.6774080404915761,0.6775636024696311,0.9837162505923074,194
2276,Pirarubicin; pirarubicin,17,14,0.6935211,0.6681604,0.66103774,0.6434038386625403,0.6424335276379305,0.8053676021645269,28
2293,1-[4-(2-methoxyphenyl)piperazin-1-yl]-3-naphthalen-1-yloxypropan-2-ol; Naftopidil; naftopidil,4,3,0.8232221,0.7885212,0.72771764,0.5955539494752884,0.5973325967788696,0.652861333588985,9
2294,"2-[4-[4-(2-methoxyphenyl)piperazin-1-yl]butyl]isoindole-1,3-dione; NAN-190; Nan 190",3,3,0.850146,0.9728007,0.7193928,0.5859890182813009,0.5847495794296265,0.8122215384497684,7
2302,"8-(2-(4-(2-Methoxyphenyl)-1-piperazinyl)ethyl)-8-azaspiro(4.5)decane-7,9-dione; 8-[2-[4-(2-methoxyphenyl)piperazin-1-yl]ethyl]-8-azaspiro[4.5]decane-7,9-dione; BMY-7378",1,1,0.64769423,0.64769423,0.6546415,0.6390570402145386,0.6445576548576355,0.3048051663775366,2
2319,"4-chloro-N-(4,5-dihydro-1H-imidazol-2-yl)-6-methoxy-2-methylpyrimidin-5-amine; Moxonidine; moxonidine",5,4,0.7604763,0.76340145,0.6850613,0.6458046317100525,0.6495063424110412,0.7358142526597117,11
2434,"(1R,2R,4R,6aS,6aS,6bR,8aR,10S,12aR,14bS)-10-hydroxy-1,2,6a,6b,9,9,12a-heptamethyl-1,2,3,4,4a,5,6,6a,7,8,8a,10,11,12,13,14b-hexadecahydropicene-4-carboxylic acid; ursolic-acid",14,8,0.81207067,0.8447275,0.7241181,0.6130111302648272,0.6135320365428925,0.8218287374448772,19
2488,Alvimopan; alvimopan,5,4,0.8307759,0.8273586,0.73450834,0.6177550554275513,0.6162968277931213,0.5873286005020439,6
2528,Androstenol; androstenol,1,1,0.93704885,0.93704885,0.75779116,0.5552617907524109,0.549302339553833,0.7252713756423379,1
2535,Estramustine Phosphate; estramustine-phosphate,1,1,0.76384896,0.76384896,0.7201122,0.6409329771995544,0.6388363838195801,0.3286046126600198,1
2587,"7-amino-N-cyclohexyl-1-methyl-2-thiazolo[3,2-a]benzimidazolecarboxamide; YM-298198",3,2,0.7353063,0.7519171,0.67886096,0.6325622995694479,0.6305805246035258,0.5161351774077303,3
2608,Dazmegrel; dazmegrel,1,1,0.74341863,0.74341863,0.7153169,0.6303097605705261,0.6292733550071716,0.6056905063362957,1
2614,"2-Chloro-3-methyl-4-((7R,7aS)-tetrahydro-7-hydroxy-1,3-dioxo-1H-pyrrolo(1,2-c)imidazol-2(3H)-yl)benzonitrile; PS-178990",2,2,0.5598992,0.5598992,0.58928525,0.6060414016246796,0.6048812866210938,0.0032658017240918,2
2625,Lansoprazole; lansoprazole,2,2,0.70683146,0.70683146,0.66352266,0.586003452539444,0.5868386030197144,0.8309127474465431,8
2640,Minaprine; minaprine,1,1,0.7563894,0.7563894,0.68983996,0.5732095241546631,0.5667480230331421,0.7850897915166629,6
2671,Efaproxiral; efaproxiral,1,1,0.8189148,0.8189148,0.69244957,0.5953050851821899,0.5916100740432739,0.0,1
2680,UK-356618,13,9,0.83954424,0.79778385,0.7225219,0.594363272190094,0.5953953678791339,0.5290361794124914,14
2684,PF-543; [(2R)-1-[[4-[[3-(benzenesulfonylmethyl)-5-methylphenoxy]methyl]phenyl]methyl]pyrrolidin-2-yl]methanol,6,4,0.7657089,0.73954725,0.6970237,0.6220836341381073,0.6215650836626688,0.5601863770920816,11
2708,Ceritinib; ceritinib,49,24,0.83194715,0.8099221,0.7275477,0.6265606113842556,0.6262394761552617,0.8747897467726503,50
2716,Efatutazone; efatutazone,19,4,0.8171961,0.84065247,0.72022325,0.6257066256121585,0.6255880500140943,0.5727886874206103,19
2735,"7,10-Dimethyl-2,4-dioxo-2,3,4,10-tetrahydrobenzo[g]pteridine-8-carbaldehyde; Ro-08-2750",5,3,0.8511857,0.79967964,0.73022616,0.6322763800621033,0.6324656248092652,0.6537263179647139,5
2794,"4-Methyl-N1-(3-phenylpropyl)benzene-1,2-diamine; BRD-K83354763",9,7,0.8963973,0.83694625,0.75397205,0.6313476893636916,0.6283318797747294,0.2395544047101391,9
2820,"BRL-50481; N,N,2-trimethyl-5-nitrobenzenesulfonamide",1,1,0.95280266,0.95280266,0.7912754,0.5985826849937439,0.5917593240737915,0.5213287332383048,1
2828,"GP-2a; N-cyclohexyl-1-(2,4-dichlorophenyl)-6-methyl-1,4-dihydroindeno[1,2-c]pyrazole-3-carboxamide",2,2,0.8668545,0.8668545,0.7568188,0.6347886919975281,0.6357533037662506,0.8343536973527057,2
2853,Nefiracetam; nefiracetam,1,1,0.8361731,0.8361731,0.73220944,0.5877640247344971,0.5801678895950317,0.2394969344879545,1
2897,Tiagabine; tiagabine,3,3,0.74034745,0.76569426,0.6902495,0.6287343899408976,0.6257509390513102,0.2298198780434157,4
2940,"AZD-7687; {4-[4-(6-Carbamoyl-3,5-dimethylpyrazin-2-yl)phenyl]cyclohexyl}acetic acid",1,1,0.89777625,0.89777625,0.7891332,0.588925838470459,0.58599454164505,0.0,1
2947,Alpelisib,25,18,0.73612815,0.7251311,0.68081343,0.6135040736198425,0.6112248134613038,0.8515786767932582,167
2956,SB-2343; Vs-5584,57,12,0.6903178,0.6946268,0.66391504,0.6377316326425787,0.6382892801050555,0.8488958336708055,57
3004,Leflunomide; leflunomide,14,10,0.8282941,0.8180116,0.72341764,0.6178364753723145,0.6162969172000885,0.6150717614577192,18
3007,BRD-K54606188; JQ1 compound,279,58,0.6613239,0.6447383,0.6474481,0.6436326593481084,0.638635593930453,0.9483127185063904,279
3019,Isoconazole; isoconazole,1,1,0.57463574,0.57463574,0.61273944,0.5779556632041931,0.576263964176178,0.9265586886613392,6
3024,5-(6-Chloro-3-pyridinyl)-9-azabicyclo[4.2.1]non-4-ene; UB-165,1,1,0.71427584,0.71427584,0.68246853,0.5896120667457581,0.5925866961479187,0.6315588369725749,1
3059,Theophylline; theophylline,2,2,0.7960489,0.7960489,0.6972666,0.6568578481674194,0.6581008434295654,0.5627163072125991,6
3085,Oxsi-2; SYK-inhibitor,9,8,0.78024083,0.7771368,0.7088781,0.635638435681661,0.6343079871601529,0.5705474758571667,9
3145,"(2E,3Z)-2,3-bis[amino-(2-aminophenyl)sulfanylmethylidene]butanedinitrile; U-0126",67,23,0.7788408,0.751515,0.7032711,0.6000437327285311,0.5968983840586534,0.8703806747394529,67
3160,Chs-828; GMX-1778,9,4,0.90771794,0.9078075,0.7738821,0.6189582082960341,0.6165839102533128,0.5429677727849505,9
3220,Phenformin; phenformin,13,8,0.7992914,0.7664207,0.71151984,0.6200090692593501,0.6213754461361811,0.7744977822338263,20
3253,Diminazene; diminazene-aceturate,1,1,0.7131244,0.7131244,0.67175454,0.6148678660392761,0.6109605431556702,0.4643711416962478,1
3289,"4-(4-(2,3-dihydrobenzo(1,4)dioxin-6-yl)-5-pyridin-2-yl-1H-imidazol-2-yl)benzamide; D-4476",41,17,0.79779804,0.8392159,0.71049047,0.6180143167332905,0.6175886276291638,0.715155381888075,41
3290,"4-(4-(1,3-Benzodioxol-5-yl)-5-(2-pyridinyl)-1H-imidazol-2-yl)benzamide; SB-431542",9,6,0.81151855,0.82107854,0.7098481,0.5993908047676086,0.6010594500435723,0.8567262872760407,21
3299,Rufinamide; rufinamide,2,2,0.7970858,0.7970858,0.6977835,0.6719313859939575,0.6704169809818268,0.1719413219052853,2
3340,Lypressin; lypressin,7,6,0.7599047,0.7389921,0.6918952,0.5975167410714286,0.5985076086861747,0.6512091725348634,7
3347,"H-9; N'-(5-isoquinolinylmethyl)ethane-1,2-diamine",23,11,0.7838307,0.7338743,0.7047695,0.6037164408227672,0.6013062881386798,0.7841565746336301,23
3364,Isoniazid; isoniazid,5,3,0.71589315,0.72712135,0.6831503,0.6078799605369568,0.6053791522979737,0.7437865944474917,11
3406,L-Tryptophan; tryptophan,1,1,0.58992857,0.58992857,0.62906706,0.5961101055145264,0.5918843150138855,0.6078895135555358,1
3409,"(5Z)-5-[[2-[(3R)-3-aminopiperidin-1-yl]-3-phenylphenyl]methylidene]-1,3-thiazolidine-2,4-dione; Azd-1208",6,4,0.8441823,0.842247,0.72345376,0.6158591608206431,0.6140258510907491,0.7185558340254352,10
3499,CID 6037; folic-acid,3,3,0.7249512,0.7769611,0.6791801,0.5864585240681967,0.5834532380104065,0.6349549344822556,3
3517,"2-[6-amino-2-(phenylamino)-9H-purin-9-yl]-5-(hydroxymethyl)oxolane-3,4-diol; CV-1808",2,2,0.8460169,0.8460169,0.7593016,0.6333284974098206,0.6355236768722534,0.7576529967413076,2
3522,Pemetrexed,14,3,0.80864733,0.7920462,0.710586,0.6386752384049552,0.6392993075507027,0.7876497686809392,155
3527,acyclovir,9,7,0.80983114,0.80220467,0.71808255,0.6173534658220079,0.615847474998898,0.6376565438786479,9
3545,"(2R,5R)-2-(4-aminoimidazo[4,5-c]pyridin-1-yl)-5-(hydroxymethyl)oxolane-3,4-diol; 3-deazaadenosine",1,1,0.87543106,0.87543106,0.75501037,0.588080883026123,0.583450973033905,0.6350377433285175,1
3550,CGP-57380; Cgp 57380,17,11,0.7418579,0.73301715,0.68413675,0.6317271485048181,0.6337085085756639,0.6665013132334618,17
3604,Thenoyltrifluoroacetone; thenoyltrifluoroacetone,1,1,0.7733274,0.7733274,0.6997628,0.5766410231590271,0.5752507448196411,0.6067854527328336,1
3619,Nialamide; nialamide,4,4,0.7638887,0.74300086,0.69906414,0.6064104735851288,0.605445459485054,0.642471072944534,8
3623,"2-(1,2-Dihydroimidazo[1,2-a]benzimidazol-4-yl)-1-(4-phenylphenyl)ethanone; CCT-031374",12,8,0.81288624,0.7927835,0.7140165,0.6433215737342834,0.6461823632319769,0.7456330118729957,12
3670,"CAY-10594; N-(2-(4-Oxo-1-phenyl-1,3,8-triazaspiro(4.5)decan-8-yl)ethyl)naphthalene-2-carboxamide",25,13,0.7938659,0.77666116,0.7115106,0.6331494522094726,0.6343290042877198,0.7614827355891663,25
3677,"5-chloro-N-[[(5R)-2-oxo-3-[4-(3-oxomorpholin-4-yl)phenyl]-1,3-oxazolidin-5-yl]methyl]thiophene-2-carboxamide; Rivaroxaban, (R)-",2,2,0.7364641,0.7364641,0.68387645,0.6194517910480499,0.6152134537696838,0.2716419263874401,2
3708,AT-9283; At-9283,48,13,0.8355933,0.82505226,0.7263749,0.6052765635152658,0.6042145987351736,0.8171195225644092,60
3737,Niclosamide; niclosamide,102,22,0.7162457,0.7152084,0.67246485,0.6521885167149937,0.6539169403852201,0.9565416257395402,107
3776,"1-(2-(Bis(4-(trifluoromethyl)phenyl)methoxy)ethyl)-1,2,5,6-tetrahydro-3-pyridinecarboxylic acid; CI-966",1,1,0.6980251,0.6980251,0.66262114,0.6517459154129028,0.6536156535148621,0.0,1
3788,"6,8-Bis((phenylmethyl)thio)octanoic acid; CPI-613",3,3,0.7743868,0.7845992,0.709647,0.6697249015172323,0.6716020901997884,0.425162749963312,3
3848,"3,5-Bis(4-nitrophenoxy)benzoic acid; compound-w",1,1,1.0398195,1.0398195,0.8334593,0.5912439227104187,0.5891368985176086,0.7122068787041136,1
3882,2-(4-Morpholinyl)ethyl 1-phenylcyclohexanecarboxylate; PRE-084,2,2,0.9971138,0.9971138,0.7840755,0.610361248254776,0.6115564405918121,0.7486988559407208,2
3909,(4-(4-(Benzo(b)thiophen-2-yl)pyrimidin-2-ylamino)phenyl)(4-(pyrrolidin-1-yl)piperidin-1-yl)methanone; IKK-16,40,26,0.74308044,0.7462014,0.6851044,0.6226127445697784,0.6226728677749633,0.8666199044596343,40
3926,DA-3003-1; NSC-663284,23,11,0.6679296,0.59831953,0.6505171,0.6280218984769739,0.627516368161077,0.713976857995418,23
3969,AS 604850; AS-604850,2,2,0.8837125,0.8837125,0.76989245,0.5714078843593597,0.5690297782421112,0.532075319425395,2
3975,Arcyriaflavin A; arcyriaflavin-a,8,7,0.7426173,0.74518675,0.6890202,0.5948905870318413,0.5970640853047371,0.7354420516215268,8
3991,Kifunensine; kifunensine,2,1,1.0240486,1.0240486,0.83413935,0.612371563911438,0.607444167137146,0.4779148751621909,2
4017,Taxifolin; taxifolin,2,1,0.96927774,0.96927774,0.76564264,0.5423826575279236,0.537567064166069,0.4622698457995537,2
4052,"N-(2,2,2-Trifluoroethyl)-N-(4-(2,2,2-trifluoro-1-hydroxy-1-(trifluoromethyl)ethyl)phenyl)-benzenesulfonamide; T-0901317",6,5,0.9354941,0.9317279,0.7720814,0.6308446129163107,0.6294462780157725,0.5542506216857981,6
4056,BRD-K82225283; Isosorbide Mononitrate,1,1,0.77895117,0.77895117,0.6940768,0.6270613074302673,0.6376431584358215,0.5516015285223492,1
4118,Hispidin; hispidin,1,1,0.6467471,0.6467471,0.6608244,0.5524706840515137,0.5494412779808044,0.6678069565686402,1
4122,Coumarin; coumarin,1,1,0.56804705,0.56804705,0.58481586,0.647079586982727,0.6517817378044128,0.9321370933069494,6
4124,Trazodone; trazodone,5,4,0.7281573,0.72302353,0.67243654,0.6471210598945618,0.6481280207633973,0.556550028734785,8
4171,"(2R,3S,5R)-2-[6-[[(1S,2S)-2-hydroxycyclopentyl]amino]-9-purinyl]-5-(hydroxymethyl)oxolane-3,4-diol; BRD-A73929928",1,1,0.78738415,0.78738415,0.70775497,0.6630696058273315,0.6594290733337402,0.8438955199931402,1
4173,"(2R,4R,5R)-2-(5,6-dichloro-1-benzimidazolyl)-5-(hydroxymethyl)oxolane-3,4-diol; EI-231",8,8,0.8509056,0.85173976,0.7264324,0.5578851327300072,0.555273748934269,0.6294895794523647,8
4177,Salmeterol; salmeterol,19,11,0.7627477,0.7346892,0.7010134,0.6242593150389822,0.6241397606699091,0.8333113593356547,20
4186,5-((Benzyloxy)methyl)-7-(pyrrolidin-1-ylmethyl)quinolin-8-ol; BRD-K73610817,10,5,0.64491415,0.6631739,0.6392564,0.6698913872241974,0.6720890283584595,0.7412842959634192,10
4203,Equol; equol,5,3,0.8440874,0.8605287,0.719803,0.6334664702415467,0.6336704015731811,0.580625815688214,5
4207,CID 9953592; naltrindole,2,1,0.90965956,0.90965956,0.75269073,0.6423211693763733,0.6413043737411499,0.5137911962817232,2
4214,1-[4-[(5-bromo-2-pyridinyl)-[(4-chlorophenyl)methyl]amino]butyl]-3-[3-(1H-imidazol-5-yl)propyl]thiourea; BRD-K06956503,4,4,0.70864296,0.7303587,0.6859011,0.643735334277153,0.6443537771701813,0.6048736200487397,4
4219,Phenethyl Isothiocyanate; phenethyl-isothiocyanate,12,12,0.7952697,0.79270077,0.69725937,0.6186380137999853,0.6151487280925115,0.6722482349289907,12
4240,"8-Cyclohexyl-2,3,3a,4,5,6-hexahydropyrazino[3,2,1-jk]carbazole; tetrindole",14,10,0.7727762,0.73415536,0.69615954,0.6451359518936702,0.6451410055160522,0.6726885855890541,15
4263,Purmorphamine; purmorphamine,43,17,0.7828411,0.7482841,0.7043745,0.5830136793990468,0.5828384410503299,0.6987879279825624,43
4275,Varenicline; varenicline,5,4,0.8077177,0.89158094,0.7141688,0.5946871876716614,0.5956676721572876,0.565333594077235,5
4528,camptothecin,285,51,0.66492546,0.6609129,0.6489494,0.6843742056896812,0.6850496741763332,0.9619088985330456,292
4724,sorafenib,152,54,0.78105104,0.7796351,0.7003656,0.6377653303114992,0.6407717834962042,0.8734737385178453,189
4933,PD-123319,4,3,0.8056259,0.80675495,0.7183971,0.597400426864624,0.5964904427528381,0.1360888091850605,5
5224,Bevirimat; bevirimat-dimeglumine,3,3,0.71031886,0.62126756,0.66591436,0.667671779791514,0.6677161256472269,0.6718909112518219,3
5245,Bisacodyl; bisacodyl,11,5,0.70520216,0.7012019,0.6681833,0.5854274305430326,0.585594201629812,0.6949180629339361,15
5252,"2,2-dimethylpropanoyloxymethyl (2S,5S,6R)-6-(azepan-1-ylmethylideneamino)-3,3-dimethyl-7-oxo-4-thia-1-azabicyclo[3.2.0]heptane-2-carboxylate; pivmecillinam",1,1,0.76607275,0.76607275,0.7412292,0.6356040239334106,0.6348323822021484,0.9400044062132537,5
5271,Rimantadine; rimantadine,30,11,0.7460346,0.7376091,0.69129354,0.6026870270570119,0.6013829469680786,0.6153312454289579,30
5272,6-(1-Hydroxyethyl)-7-oxo-3-(oxolan-2-yl)-4-thia-1-azabicyclo[3.2.0]hept-2-ene-2-carboxylic acid; faropenem,1,1,0.7607194,0.7607194,0.7106068,0.6314236521720886,0.6275225877761841,0.6563641918148619,1
5286,LY-2334737; Ly-2334737,5,5,0.76918805,0.72710496,0.70526284,0.6078520655632019,0.6074062705039978,0.6338258284628712,5
5297,Narlaprevir; narlaprevir,2,2,0.79755014,0.79755014,0.71823275,0.6064415574073792,0.6065380275249481,0.3128165101769266,2
5300,Clindamycin; clindamycin,6,4,0.74582094,0.72872055,0.69428635,0.5992863178253174,0.6013194421927134,0.5437398219185723,11
5307,Mefexamide; mefexamide,1,1,0.58686036,0.58686036,0.6001461,0.5542843341827393,0.5542058348655701,0.7622415328990686,5
5325,Cinoxacin; cinoxacin,2,2,0.8296689,0.8296689,0.7193873,0.6079075038433075,0.6107488572597504,0.434080111904027,6
5335,Bromhexine; bromhexine,3,3,0.84066653,0.8275101,0.7330776,0.6357538104057312,0.635120173295339,0.7323051543697647,3
5347,Atazanavir; atazanavir,1,1,0.9259684,0.9259684,0.7811452,0.6169451475143433,0.6157621741294861,0.7892648180805053,1
5354,"N-[(2S)-3-methoxy-1-[[(2S)-3-methoxy-1-[[(2S)-1-(2-methyloxiran-2-yl)-1-oxo-3-phenylpropan-2-yl]amino]-1-oxopropan-2-yl]amino]-1-oxopropan-2-yl]-2-methyl-1,3-thiazole-5-carboxamide; oprozomib",77,10,0.7872935,0.7906635,0.7073124,0.5952625944242849,0.5949845178560778,0.911622225075182,77
5356,Gemifloxacin; gemifloxacin,3,3,0.72954035,0.7330843,0.69397146,0.6295405228932699,0.6275139053662618,0.6067994749269325,3
5366,Sulmazole; sulmazole,1,1,0.973704,0.973704,0.7985705,0.6528188586235046,0.6497852206230164,0.6086377583609309,4
5376,ONX-0914; Onx-0914,5,2,0.94133186,0.9286548,0.76592094,0.6268388867378235,0.6246806979179382,0.7093671285751697,6
5384,Oglemilast; oglemilast,2,2,0.7308504,0.7308504,0.6814675,0.6267684996128082,0.6278755068778992,0.2751904763074074,2
5396,Digoxigenin; digoxigenin,7,4,0.5538848,0.58732474,0.58606684,0.7143679346357074,0.7161438379968915,0.8875629067863536,12
5400,Toltrazuril; toltrazuril,3,3,0.81088394,0.7566091,0.7153742,0.6167745987574259,0.6171437700589498,0.501542061885963,3
5406,Lopinavir,15,10,0.75807303,0.7804409,0.69609684,0.6227043867111206,0.6247822682062785,0.7777632755543732,156
5422,Clemizole; clemizole,1,1,0.7469302,0.7469302,0.7012155,0.5885750651359558,0.5865393280982971,0.7035753111335405,6
5436,Nitrofurazone; nitrofural,6,5,0.834944,0.87332463,0.7315772,0.6295600434144338,0.6277308960755666,0.7826796554812089,10
5438,Favipiravir; favipiravir,6,6,0.7266322,0.7480986,0.6809099,0.6049986382325491,0.6094542841116587,0.6225977902413945,6
5454,penciclovir,1,1,0.8546821,0.8546821,0.72691107,0.6471654176712036,0.6516220569610596,0.5544732271331615,1
5460,Etanidazole; etanidazole,1,1,0.7287333,0.7287333,0.68147683,0.5855052471160889,0.5803191661834717,0.4450887398451297,5
5462,4-Iodo-N-piperidinoethylbenzamide; BRD-K78844995,2,2,0.66224265,0.66224265,0.6607952,0.632095217704773,0.6347917318344116,0.4856917943423646,2
5464,Tasisulam; tasisulam,8,7,0.8371148,0.81983197,0.72745967,0.6011741012334824,0.6018247827887535,0.6968859898858156,8
5469,Ethylenediaminetetraacetic Acid; ethylenediaminetetraacetic-acid,5,5,0.7165368,0.7299986,0.6714902,0.6087113857269287,0.6046739101409913,0.5182172681957822,5
5475,LB-42708; LB42708,12,4,0.8596363,0.8554708,0.7418217,0.6130915929873785,0.6126446177562078,0.6415300737270732,12
5477,Niridazole; niridazole,1,1,0.83996034,0.83996034,0.71606696,0.6152897477149963,0.6138824224472046,0.7883635026890987,5
5489,"7-Hydroxy-3-(4-hydroxyphenyl)-8-(3,4,5-trihydroxy-6-(hydroxymethyl)oxan-2-yl)chromen-4-one; kakonein",2,2,0.72349197,0.72349197,0.68151754,0.648009330034256,0.6480849087238312,0.4626935497645762,2
5494,Pharmakon1600-01505436; lacitol,5,5,0.8774419,0.8210963,0.7383847,0.6017489075660706,0.5994446158409119,0.5836751194094831,5
5507,Fomocaine; fomocaine,5,5,0.73270315,0.76544094,0.68032587,0.628960931301117,0.6293168783187866,0.6132144978533778,5
5509,Phenothiazine; phenothiazine,2,2,0.8600718,0.8600718,0.7406648,0.6318463087081909,0.6271513104438782,0.7275606670953161,2
5529,Darinaparsin,1,1,0.8406491,0.8406491,0.7407718,0.6397181749343872,0.635643720626831,0.6817480986554485,145
5896,4-tert-butyl-N-[2-methyl-3-[4-methyl-6-[4-(morpholine-4-carbonyl)anilino]-5-oxopyrazin-2-yl]phenyl]benzamide; Cgi1746,20,12,0.734618,0.7166335,0.68487996,0.6445226341485977,0.6483560174703598,0.4685668182109125,20
6231,"(2S)-N-[(3R,3'R,4'S,5'R)-4'-[fluoro(dimethyl)silyl]-5'-(2-hydroxyethyl)-3'-methyl-2-oxo-1-prop-2-enyl-5-spiro[indole-3,2'-oxolane]yl]-2-hydroxypropanamide; BRD-K27630390",8,6,0.80897796,0.823392,0.72422636,0.6274027526378632,0.6280241459608078,0.608525180512106,8
6232,"BRD-K96167523; N-[(3R,3'R,4'S,5'R)-5'-(2-hydroxyethyl)-4'-[(4-methoxyphenyl)-dimethylsilyl]-3'-methyl-2-oxo-1-prop-2-enyl-5-spiro[indole-3,2'-oxolane]yl]acetamide",1,1,0.5940834,0.5940834,0.608739,0.6482409834861755,0.6486986875534058,0.678447090932196,1
6233,"(3R,3'R,4'S,5'R)-5'-[2-[4-(2-hydroxyethyl)-1-triazolyl]ethyl]-4'-[(4-methoxyphenyl)-dimethylsilyl]-3'-methyl-5-(2-oxo-1-benzo[cd]indolyl)-1-prop-2-enyl-2-spiro[indole-3,2'-oxolane]one; BRD-K31706415",11,8,0.5984283,0.59148,0.6099115,0.7133173183961348,0.7155337008562955,0.8414898766226787,11
6237,"(3aR,10bR)-3a-[2-(benzenesulfonyl)ethyl]-2-[4-(3-hydroxypropoxy)phenyl]-5-prop-2-enyl-6,10b-dihydrooxazolo[4,5-d][2]benzazepin-4-one; BRD-K86901264",1,1,1.0927916,1.0927916,0.84038043,0.6363818645477295,0.638805627822876,0.5017831034025235,1
6251,"1-(3,4-Dihydroxyphenyl)-2-[[5-(3-methylphenyl)-4-prop-2-enyl-1,2,4-triazol-3-yl]thio]ethanone; BRD-K78056905",5,4,0.7991077,0.791553,0.70668995,0.6101845383644104,0.6118637442588806,0.7740845496672122,5
6260,4-Iodobenzoic acid [1-(2-thiazolyl)ethylideneamino] ester; BRD-K15440898,1,1,0.6484145,0.6484145,0.6633654,0.5423247218132019,0.5443891882896423,0.6448666002821568,1
6296,"BRD-K18724229; N-[3-(1,3-benzothiazol-2-yl)-5,6,7,8-tetrahydro-4H-thieno[2,3-c]azepin-2-yl]acetamide",12,9,0.605965,0.6047687,0.6246813,0.6496752550204595,0.6450973997513453,0.6359491765968179,12
6302,"BRD-A74983348; acetic acid [(1S)-1-hydroxy-1,10a,12a-trimethyl-8-oxo-2,3,4,4a,4b,5,6,9,10,10b,11,12-dodecahydrochrysen-2-yl] ester",1,1,0.9012923,0.9012923,0.74497825,0.6925078630447388,0.6940784454345703,0.6733722719252082,1
6320,"1-[2-[4-[(1-Methyl-5-tetrazolyl)thio]-5-thieno[2,3-d]pyrimidinyl]phenyl]ethanone; BRD-K62466453",8,6,0.6295922,0.64119196,0.63179064,0.6956037506461143,0.6941356435418129,0.8742075522975639,8
6326,(S)-N-(4-(tert-Butyl)phenyl)-N-(2-(tert-butylamino)-2-oxo-1-(pyridin-3-yl)ethyl)furan-2-carboxamide; VU-0420364-1,4,4,0.8134444,0.8045429,0.71765745,0.5175679177045822,0.5150861442089081,0.3571286650625025,4
6328,"BRD-K72451865; tert-butyl 3-[(3aR,10bR)-5-[2-(benzenesulfonyl)ethyl]-2-[4-(3-hydroxypropoxy)phenyl]-4-oxo-6,10b-dihydro-[1,3]oxazolo[4,5-d][2]benzazepin-3a-yl]propanoate",11,8,0.6210748,0.5990472,0.63600105,0.6585872173309326,0.6606636805967852,0.8417175248192998,11
6331,"BRD-K24598397; tert-butyl N-[2-[5-[(2,4-dichlorophenyl)methylsulfonyl]-1,3,4-oxadiazol-2-yl]ethyl]carbamate",1,1,0.8036738,0.8036738,0.7154279,0.6849004030227661,0.6876668334007263,0.1926655171550808,1
6333,"(3S)-3-cyano-3-[[[(2S)-1-[(2S)-3,3-dimethyl-1-oxo-2-[[oxo-[4-(trifluoromethyl)phenyl]methyl]amino]butyl]-2-pyrrolidinyl]-oxomethyl]amino]propanoic acid; BRD-K15293421",1,1,0.8543942,0.8543942,0.7381573,0.6771371364593506,0.6739946603775024,0.6251408787334984,1
6339,KM-00519SC; N-[4-bromo-5-(4-tert-butylphenyl)-1H-pyrazol-3-yl]benzenesulfonamide,1,1,0.8362721,0.8362721,0.7140983,0.6167494654655457,0.6200578808784485,0.4930951856420663,1
6346,ML228 Analog; VU-0418939-2,15,10,0.51992893,0.46883565,0.5758537,0.7237583279609681,0.7247296730677287,0.8205640149138717,15
6356,"2-[2-[[17-[2-[6-[[3,4-dihydroxy-5-(hydroxymethyl)oxolan-2-yl]oxymethyl]-3,4,5-trihydroxyoxan-2-yl]oxy-6-methylhept-5-en-2-yl]-12-hydroxy-4,4,8,10,14-pentamethyl-2,3,5,6,7,9,11,12,13,15,16,17-dodecahydro-1H-cyclopenta[a]phenanthren-3-yl]oxy]-4,5-dihydroxy-6-(hydroxymethyl)oxan-3-yl]oxy-6-(hydroxymethyl)oxane-3,4,5-triol; ginsenoside",3,2,1.008319,1.1031528,0.7895673,0.546468198299408,0.5457702875137329,0.5022119332584998,3
6364,"(2R,3R,4S)-1-[(3-fluorophenyl)-oxomethyl]-4-(hydroxymethyl)-3-[4-(3-methylbut-1-ynyl)phenyl]-2-azetidinecarbonitrile; BRD-K46766834",2,2,0.7252821,0.7252821,0.67509544,0.6307326555252075,0.6295709609985352,0.6944570712665812,2
6368,2-(4-Isobutylpiperazin-1-yl)-2-oxoethyl 4-(methylsulfonyl)-3-nitrobenzoate; BRD-K95352812,6,6,0.5683332,0.55025876,0.60074323,0.6564751267433167,0.6558509767055511,0.5694855750980553,6
6376,"2-(6-propan-2-yl-5,7-dihydro-4H-thieno[2,3-c]pyridin-3-yl)-1,3-benzothiazole; BRD-K80962769",1,1,1.0990075,1.0990075,0.8577519,0.6457874774932861,0.6552726626396179,0.6618476642985394,1
6383,"1-[(2R,3R)-5-[(2S)-1-hydroxypropan-2-yl]-3-methyl-2-[[methyl-[(4-phenylphenyl)methyl]amino]methyl]-6-oxo-3,4-dihydro-2H-1,5-benzoxazocin-8-yl]-3-propan-2-ylurea; BRD-K62242359",3,3,0.67741776,0.64039683,0.64936286,0.6426368355751038,0.6403622627258301,0.658839794602811,3
6384,"1-[(3R,9S,10S)-12-[(2S)-1-hydroxypropan-2-yl]-3,10-dimethyl-9-[[methyl-(phenylmethyl)amino]methyl]-13-oxo-2,8-dioxa-12-azabicyclo[12.4.0]octadeca-1(14),15,17-trien-16-yl]-3-propan-2-ylurea; BRD-K97149069",1,1,0.76546156,0.76546156,0.6824398,0.5981146693229675,0.5950607657432556,0.6759653027986279,1
6388,"1-[(2R,3S)-2-[(dimethylamino)methyl]-5-[(2S)-1-hydroxypropan-2-yl]-3-methyl-6-oxo-2,3,4,7-tetrahydro-1,5-benzoxazonin-9-yl]-3-propan-2-ylurea; BRD-K07907451",1,1,0.7989176,0.7989176,0.7293445,0.6155804395675659,0.6107023358345032,0.6195619151080074,1
6389,"1-[(2R,3S)-2-[[benzenesulfonyl(methyl)amino]methyl]-5-[(2R)-1-hydroxypropan-2-yl]-3-methyl-6-oxo-2,3,4,7-tetrahydro-1,5-benzoxazonin-9-yl]-3-propan-2-ylurea; BRD-K30962405",2,2,0.81794125,0.81794125,0.7261499,0.6126038134098053,0.612782746553421,0.6466266660854535,2
6413,BRD-A01317026,2,2,0.81248116,0.81248116,0.7182553,0.6567496657371521,0.6636985838413239,0.2187819004049702,2
6425,"(15R)-13-[(2-Fluorophenyl)methyl]-10,10-dimethyl-8,11,13-triazatetracyclo[7.7.0.02,7.011,15]hexadeca-1(9),2,4,6-tetraene-12,14-dione; PSH-022",1,1,1.0106828,1.0106828,0.80391836,0.5903501510620117,0.5859779715538025,0.8601021849700861,1
6426,"(15S)-13-[(4-Fluorophenyl)methyl]-10,10-dimethyl-8,11,13-triazatetracyclo[7.7.0.02,7.011,15]hexadeca-1(9),2,4,6-tetraene-12,14-dione; JAS07-010",1,1,1.1880707,1.1880707,0.8406279,0.6158947348594666,0.6179410219192505,0.5264270160500848,1
6441,"(4Z)-4-{[3-(4-fluorophenyl)-1-phenyl-1H-pyrazol-4-yl]methylidene}-5-methyl-2,4-dihydro-3H-pyrazol-3-one; SA-25547",15,9,0.7485186,0.7369536,0.6887034,0.5953974008560181,0.5979222575823466,0.6934695270867333,15
6460,"8-benzylsulfanyl-7-[(E)-but-2-enyl]-3-methylpurine-2,6-dione; BRD-K34596778",1,1,0.8227196,0.8227196,0.7260679,0.6268026828765869,0.6224824786186218,0.4034791561932682,1
6471,BRD-A74134989; N-[1-(cyclopentylamino)-2-methyl-1-oxobutan-2-yl]-N-(thiophen-2-ylmethyl)-2-pyridinecarboxamide,2,1,0.8654901,0.8654901,0.7599664,0.613930732011795,0.6115430891513824,0.3360908517565227,2
6484,"[11-hydroxy-17-(2-hydroxyacetyl)-10,13-dimethyl-3-oxo-2,6,7,8,9,11,12,14,15,16-decahydro-1H-cyclopenta[a]phenanthren-17-yl] pentanoate; westcort",2,2,0.9407132,0.9407132,0.7697495,0.5536431968212128,0.549454003572464,0.7813845085891755,2
6488,4-Hydroxynonenal; BRD-A15914070,6,5,0.7140596,0.6986244,0.66904086,0.6065020759900411,0.6044584810733795,0.731383633507738,12
6493,BRD-K84571636; Paradol,1,1,0.7600529,0.7600529,0.6656394,0.614580512046814,0.6103601455688477,0.2625001102040009,1
6499,2-Fluorohexadecanoic acid; BRD-A94451536,3,2,0.88331467,0.8863336,0.75240374,0.6070471604665121,0.6059257586797079,0.5548445036724696,3
6520,"(4S)-4-[[(2S)-2-[[(2S)-2-[[(2S)-2-[[(2S)-2-[[(2S,3S)-2-[[(2S)-2-[[(2S)-2-(3-acetamidopropanoylamino)-5-carbamimidamidopentanoyl]amino]-5-carbamimidamidopentanoyl]amino]-3-methylpentanoyl]amino]-5-amino-5-oxopentanoyl]amino]hexanoyl]amino]-4-methylpentanoyl]amino]-4-methylpentanoyl]amino]-5-[[(2S)-1-[[(2S)-1-[[(2S)-4-amino-1-[[(2S)-1-[[(3S,6S,9S,12R,16Z,21R)-21-[[(2S)-1-amino-5-carbamimidamido-1-oxopentan-2-yl]carbamoyl]-3,6-bis(3-carbamimidamidopropyl)-9-(2-carboxyethyl)-12,21-dimethyl-2,5,8,11-tetraoxo-1,4,7,10-tetrazacyclohenicos-16-en-12-yl]amino]-5-carbamimidamido-1-oxopentan-2-yl]amino]-1,4-dioxobutan-2-yl]amino]-1-oxopropan-2-yl]amino]-1-oxopropan-2-yl]amino]-5-oxopentanoic acid; YL-60",1,1,0.8052789,0.8052789,0.7327726,0.5154992341995239,0.5140829086303711,0.6263576779967559,1
6522,"BRD-K95286134; N-(6-butyl-1,3-benzothiazol-2-yl)-2-furancarboxamide",1,1,0.688738,0.688738,0.657665,0.6062731146812439,0.6035731434822083,0.4351443553513358,1
6541,BRD-K13544237; N-n-propylnorapomorphine,3,2,0.90855354,0.74957514,0.73169035,0.6315852006276449,0.6357242663701376,0.4764750217413588,3
6555,Tributyltin Chloride; tributyltin,4,4,0.8935396,0.9348837,0.7593544,0.60648612678051,0.6060402691364288,0.2344983611613795,4
6561,(3-Isopropoxyphenyl)(1-((5-methyl-1-propyl-1H-pyrazol-4-yl)methyl)piperidin-3-yl)methanone; BRD-A12083771,8,4,0.89768004,0.8732701,0.7552481,0.6286480650305748,0.6274047344923019,0.2990813153357244,8
6566,"6-[4-(Diethylamino)phenyl]-9-phenyl-5,6,8,9,10,11-hexahydrobenzo[b][1,4]benzodiazepin-7-one; STK-064652",1,1,1.1330277,1.1330277,0.84222317,0.5609626173973083,0.5634813904762268,0.273191846241841,1
6572,7-[(4-Ethyl-1-piperazinyl)-(3-pyridinyl)methyl]-8-quinolinol; BRD-A32214171,6,6,0.72136265,0.6978128,0.6883666,0.6502013206481934,0.6520403325557709,0.7625355714671992,6
6603,4-[2-[[(3-Fluorophenyl)-oxomethyl]amino]ethylamino]-1-piperidinecarboxylic acid ethyl ester; BRD-K27520107,1,1,0.9401911,0.9401911,0.78498876,0.6753641366958618,0.675238847732544,0.1734560927931447,1
6614,"BRD-K79235952; Ethyl 3-(methylthio)-4-oxo-4,5,6,7-tetrahydrobenzo[c]thiophene-1-carboxylate",1,1,0.92470014,0.92470014,0.7384084,0.6337796449661255,0.6307236552238464,0.4916434678870049,1
6621,5-Chloro-7-[(4-ethoxyphenyl)-(3-pyridinylamino)methyl]-8-quinolinol; BRD-A07614565,3,3,0.5651249,0.5603369,0.60102326,0.6640167037645975,0.6639880935351054,0.7830075541858024,3
6671,"2-[[5-[(2,6-Dimethylphenoxy)methyl]-4-ethyl-1,2,4-triazol-3-yl]thio]-1-(4-phenyl-1-piperazinyl)ethanone; BRD-K56555032",1,1,0.9280408,0.9280408,0.78540146,0.6615692973136902,0.6551125049591064,0.3875256385604547,1
6672,"3-[3-[(5-ethyl-[1,2,4]triazino[5,6-b]indol-3-yl)thio]propyl]-1H-benzimidazol-2-one; BRD-K95547711",1,1,0.9385989,0.9385989,0.7894322,0.6252201795578003,0.6268072128295898,0.5769576751488418,1
6682,"(2R,3R,3aS,9bS)-3-(hydroxymethyl)-N,N-dimethyl-6-oxo-7-phenyl-1-(3,3,3-trifluoropropyl)-3,3a,4,9b-tetrahydro-2H-pyrrolo[2,3-a]indolizine-2-carboxamide; BRD-K91834385",4,3,0.7302005,0.6867213,0.67795587,0.5801831185817719,0.5768724232912064,0.3574260290586937,4
6688,"2-(dimethylamino)-1-[(8S,9R,10R)-10-(hydroxymethyl)-9-[4-[(E)-2-phenylethenyl]phenyl]-1,6-diazabicyclo[6.2.0]decan-6-yl]ethanone; BRD-K84447616",5,5,0.6952316,0.69309705,0.66318834,0.598707377910614,0.5979702234268188,0.7564802271675207,5
6694,3-[[(E)-4-(dimethylamino)but-2-enoyl]amino]-N-[3-[(4-pyridin-3-ylpyrimidin-2-yl)amino]phenyl]benzamide; THZ-2-98-01,10,6,0.7698042,0.7572737,0.702145,0.599087905883789,0.6008184432983399,0.7401145103125366,10
6699,"BRD-K71970656; N2,N2,N9,N9-tetramethyl-11-oxo-5,6-dihydrodibenzo[3,1-b:3',1'-f][7]annulene-2,9-disulfonamide",1,1,0.7562759,0.7562759,0.7004923,0.5700485110282898,0.5676816701889038,0.1744337669063687,1
6720,"2-[(2S,4aS,12aS)-5-methyl-6-oxo-8-[(2-thiophen-2-ylacetyl)amino]-2,3,4,4a,12,12a-hexahydropyrano[2,3-c][1,5]benzoxazocin-2-yl]-N-[(3R)-1-benzylpyrrolidin-3-yl]acetamide; SA-1472702",2,2,0.7815223,0.7815223,0.7010588,0.6003969311714172,0.5969074070453644,0.3555760926763847,2
6724,BRD-K67548518; CID 73819568,16,7,0.7221167,0.6953584,0.6777569,0.6464236490428448,0.6488301530480385,0.7889863828778314,16
6736,5-[[4-(4-Methyl-1-piperazinyl)-1-piperidinyl]methyl]-8-quinolinol; BRD-K45763312,1,1,0.78629804,0.78629804,0.7088312,0.5650695562362671,0.563927948474884,0.7135242638397074,1
6738,1-[2-(1-Adamantyl)ethoxy]-3-(4-methyl-1-piperazinyl)-2-propanol; ST-003833,1,1,0.8211233,0.8211233,0.74882066,0.6424551606178284,0.6386634111404419,0.0,1
6760,"1-[2,5-Difluoro-3,4-bis(phenylmethoxy)phenyl]-2-(methylamino)ethanol; BRD-A84524947",11,9,0.76086867,0.7338418,0.6999954,0.6386914903467352,0.6378645951097662,0.6145371085933057,11
6763,H-8; N-(2-(Methylamino)ethyl)-5-isoquinolinesulfonamide,4,4,0.83016914,0.74660116,0.7114339,0.6009311676025391,0.5963824540376663,0.678768263445451,4
6769,"BRD-K13580623; N2,N9-dimethyl-11-oxo-5,6-dihydrodibenzo[3,1-b:3',1'-f][7]annulene-2,9-disulfonamide",1,1,0.9033358,0.9033358,0.777557,0.614918053150177,0.6136681437492371,0.0217107126934312,1
6771,(2S)-1-[(2S)-3-methyl-2-[[(2S)-2-(methylamino)-1-oxopropyl]amino]-1-oxobutyl]-N-(5-quinolinyl)-2-pyrrolidinecarboxamide; BRD-K61053657,3,2,1.0059452,0.976895,0.7906007,0.5846676031748453,0.5843192934989929,0.2744256746808208,3
6778,"1-[(3R,3aR)-3-[(1S)-1-hydroxy-2-phenylethyl]-3,3a,6,7-tetrahydro-1H-cyclohepta[c]pyrrol-2-yl]-1-cyclohexanecarboxylic acid methyl ester; BRD-K01800709",3,3,0.73017216,0.68101823,0.67937535,0.6521617968877157,0.6490890185038248,0.5034242142592142,3
6791,2-[3-(3-Methoxyphenyl)-1-indazolyl]acetic acid methyl ester; BJM-AF-64,1,1,0.9095526,0.9095526,0.7686579,0.6482967138290405,0.6473145484924316,0.6601016206893415,1
6801,"(3S)-3-(2-methylpropyl)-4-oxo-3-phenyldiazetidine-1,2-dicarboxylic acid dimethyl ester; FU-JMBII113B",4,4,0.8650847,0.93948865,0.74492824,0.6336504518985748,0.6368874609470367,0.6586126389534623,4
6809,5-Bromo-2-[[2-(4-tert-butylphenoxy)-1-oxoethyl]amino]benzoic acid methyl ester; BRD-K44494044,2,2,0.8664703,0.8664703,0.7410992,0.5881775915622711,0.5860933363437653,0.7896774117937366,2
6814,"1R,3S-Rsl 3; BRD-K56411643",28,10,0.6218896,0.6144688,0.6260241,0.6493948400020599,0.6489072410123689,0.8281657201238014,28
6817,5-[[[Anilino(sulfanylidene)methyl]hydrazinylidene]methyl]-1-(4-chlorophenyl)-4-pyrazolecarboxylic acid methyl ester; BRD-K32636001,4,4,0.77233434,0.72952557,0.71403134,0.5684992074966431,0.5651177242398262,0.4450169849208872,4
6822,"3-(1,3-Benzothiazol-2-yl)-2-methoxypropanoic acid; BRD-A74699940",1,1,0.7694342,0.7694342,0.6805754,0.6664718985557556,0.6680851578712463,0.5941846884497194,1
6874,4-methoxy-6-phenyl-1H-pyrimidine-2-thione; BRD-K03954795,1,1,0.8674435,0.8674435,0.74324274,0.617131769657135,0.6122210621833801,0.4624491662917555,1
6886,"3,4,5-Trimethoxybenzoic Acid; eudesmic-acid",1,1,0.7782898,0.7782898,0.6986785,0.6098333597183228,0.6088343262672424,0.5656873366418333,1
6892,"2-thiophen-2-yl-1-[(E)-3-(3,4,5-trimethoxyphenyl)prop-2-enoyl]-2,3-dihydropyridin-6-one; BRD-A43155244",14,10,0.59148896,0.5779942,0.6070855,0.6678171242986407,0.6663835006100791,0.7222227306303297,14
6897,"1-[(E)-3-[3,5-dimethoxy-4-(2-morpholin-4-ylethoxy)phenyl]prop-2-enoyl]piperidin-2-one; CT-200783",18,16,0.77285236,0.7453915,0.69581795,0.6104685597949557,0.6067443688710531,0.5583025169592046,18
6906,5-Chloro-4-(1H-indol-3-yl)-N-(2-methoxy-4-(4-(4-methylpiperazin-1-yl)piperidin-1-yl)phenyl)pyrimidin-2-amine; HG-14-10-04,23,16,0.66643625,0.6193571,0.6479623,0.6481152876563694,0.6488448666489642,0.7492871797531938,23
6910,"3-[2-(tert-butylamino)-2-oxoethoxy]-N-(4-chloro-2,5-dimethoxyphenyl)naphthalene-2-carboxamide; ST-4066738",4,4,0.82531345,0.84378564,0.7147071,0.6213907152414322,0.6201525181531906,0.5289729440364938,4
6914,"2-[2-methoxy-4-(methylthio)phenyl]-3H-imidazo[4,5-c]pyridine; EMD-41000",1,1,0.69563645,0.69563645,0.65905225,0.6381691694259644,0.641013503074646,0.3982080264688955,1
6917,(+)-Boldine; boldine,1,1,0.8523588,0.8523588,0.75664663,0.5892483592033386,0.5868106484413147,1.0,5
6960,2-[[[2-[[(4-Methoxyphenyl)-oxomethyl]amino]phenyl]-oxomethyl]amino]-3-methylbutanoic acid; BRD-A36884011,1,1,0.45780826,0.45780826,0.5357324,0.638383686542511,0.6354010701179504,0.4170209031817141,1
6969,"6-[4-methoxy-3-(3-oxolanyloxy)phenyl]-3-[2-(trifluoromethyl)phenyl]-7H-[1,2,4]triazolo[3,4-b][1,3,4]thiadiazine; BRD-A01999384",1,1,1.11393,1.11393,0.8357024,0.6446359157562256,0.6433392763137817,0.8347091599731133,1
6976,"6-[3-(cyclopropylmethoxy)-4-methoxyphenyl]-3-(2-methoxyphenyl)-7H-[1,2,4]triazolo[3,4-b][1,3,4]thiadiazine; BRD-K49712247",12,8,0.71667814,0.7056969,0.6750074,0.6506276875734329,0.6519892861445745,0.8245705013371172,12
6988,"BRD-A98248982; N-[2-(3,4-dimethoxyphenyl)ethyl]-1-[(3,4-dimethoxyphenyl)methyl]-N-methyl-3-piperidinecarboxamide",3,3,0.7682,0.75882715,0.6988444,0.6011524796485901,0.5965500275293986,0.1942178052022629,3
6990,"(3S,4S)-3-[4-(hydroxymethyl)phenyl]-N-[2-(4-methoxyphenyl)ethyl]-4-methyl-2-(5-methyl-2-pyridinyl)-1-oxo-3H-isoquinoline-4-carboxamide; BRD-K63549648",1,1,0.8345348,0.8345348,0.7359393,0.5741883516311646,0.5758376717567444,0.0,1
6991,"6-amino-1-(3,4-dimethoxyphenethyl)-2-thioxo-2,3-dihydropyrimidin-4(1H)-one; BRD-K70917163",2,2,0.6567154,0.6567154,0.6579318,0.5888064205646515,0.6070647835731506,0.5469103567459079,2
7020,"1-[(2S,3R,6R)-6-[2-[[(2,5-difluoroanilino)-oxomethyl]amino]ethyl]-2-(hydroxymethyl)-3-oxanyl]-3-(4-methoxyphenyl)urea; BRD-K01070670",1,1,0.5673543,0.5673543,0.5909338,0.613616406917572,0.6169955730438232,0.4204784490619793,1
7021,"1-[(2R,3S)-5-[(2S)-1-hydroxypropan-2-yl]-3-methyl-2-[[methyl-[(4-phenylphenyl)methyl]amino]methyl]-6-oxo-3,4-dihydro-2H-1,5-benzoxazocin-8-yl]-3-(4-methoxyphenyl)urea; SA-90030",1,1,0.773998,0.773998,0.7107623,0.6320276260375977,0.6315994262695312,0.8344518059707511,1
7064,4-methoxy-N-[[4-[oxo-[4-(phenylmethyl)-1-piperazinyl]methyl]phenyl]methyl]benzenesulfonamide; BRD-K43782924,2,2,0.82235104,0.82235104,0.72314185,0.6738272905349731,0.6780083477497101,0.6096414464862551,2
7069,"3-cyclohexyl-1-[[(2R,3S)-5-[(2R)-1-hydroxypropan-2-yl]-10-[(4-methoxyphenyl)sulfonylamino]-3-methyl-6-oxo-3,4-dihydro-2H-1,5-benzoxazocin-2-yl]methyl]-1-methylurea; BRD-K22828860",1,1,1.021292,1.021292,0.80654776,0.5710021257400513,0.573516309261322,0.5064483341198818,1
7092,"(1S)-1'-[(2,5-difluorophenyl)methyl]-N-(4-fluorophenyl)-1-(hydroxymethyl)-7-methoxy-2-spiro[3,9-dihydro-1H-pyrido[3,4-b]indole-4,3'-azetidine]carboxamide; BRD-K28138218",6,5,0.62134105,0.60657406,0.6255145,0.6908037662506104,0.6910487612088522,0.6896716236051481,6
7101,"2-(4-Fluorophenyl)-6-methoxy-1,3-benzothiazole; BRD-K25150581",1,1,0.8673558,0.8673558,0.74104714,0.6419875025749207,0.6384894847869873,0.427441449985681,1
7103,"BRD-K57309821; N-[6-methoxy-1-(2-methylpropyl)-3-pyrazolo[3,4-b]quinolinyl]-3-methylbutanamide",5,4,0.9023315,0.8950182,0.76178044,0.6261097192764282,0.6246726393699646,0.4396982031069016,5
7124,2-(3-Methoxyphenyl)-4-propan-2-yloxyquinazoline; BRD-K77014406,5,3,0.9148881,0.9623903,0.7722455,0.6481261730194092,0.6478131413459778,0.5129437976998077,5
7132,"2-[(2R,3R,6S)-2-(hydroxymethyl)-3-[(3-methoxyphenyl)carbamoylamino]-3,6-dihydro-2H-pyran-6-yl]-N-(4-phenylphenyl)acetamide; BRD-K22428007",9,6,0.7894392,0.81703776,0.7041578,0.5825108289718628,0.5840824908680387,0.4616889764090059,9
7133,"2,3-dimethoxy-N-[4-(1-piperidinyl)phenyl]aniline; BRD-K11928012",2,2,0.76409245,0.76409245,0.68316877,0.6146969199180603,0.6252340376377106,0.6305956758302436,2
7144,Efflux inhibitor-1; KU-C104486,7,6,0.6971007,0.7059608,0.668279,0.6329220192773002,0.6333132982254028,0.742954649104318,7
7173,"(8S,9S,10R)-9-[4-(3-cyanophenyl)phenyl]-10-(hydroxymethyl)-N-(2-methoxyphenyl)-1,6-diazabicyclo[6.2.0]decane-6-carboxamide; SA-1921617",2,2,0.8273947,0.8273947,0.7383517,0.5960328876972198,0.6016940176486969,0.6236918485656393,2
7182,"BRD-K55502647; N-(2-methoxyphenyl)-4,6-bis(4-morpholinyl)-1,3,5-triazin-2-amine",2,2,1.0856062,1.0856062,0.82662624,0.6281415522098541,0.6303081810474396,0.4814741286903202,2
7184,"2-[[4-(2-Methoxyanilino)-6-(1-pyrrolidinyl)-1,3,5-triazin-2-yl]amino]ethanol; BRD-K12540328",1,1,0.7406715,0.7406715,0.70636487,0.6695080399513245,0.6694579720497131,0.5241187759388142,1
7188,(E)-3-[1-(benzenesulfonyl)pyrrol-2-yl]-2-methylsulfonylprop-2-enenitrile; BRD-K31412180,2,2,0.9158968,0.9158968,0.742003,0.6506215631961823,0.6483426690101624,0.5408984111369657,2
7190,"4-(3-hydroxypropyl)-2-[4-(1-pyrrolidinylmethyl)phenyl]-1-[[3-(trifluoromethoxy)phenyl]methyl]-2H-azocine-6,7-dicarboxylic acid bis(2-methylsulfonylethyl) ester; BRD-A84102390",2,2,0.75267214,0.75267214,0.6783452,0.6196100115776062,0.6164997518062592,0.5838807128193617,2
7196,(2-Morpholin-4-yl-2-oxoethyl) 4-methylsulfonyl-3-nitrobenzoate; BRD-K10057859,6,4,0.722312,0.77196455,0.6675957,0.639136403799057,0.6381081243356069,0.7273633748243443,6
7224,"1-[[(3R,9R,10R)-16-(benzenesulfonamido)-12-[(2R)-1-hydroxypropan-2-yl]-3,10-dimethyl-13-oxo-2,8-dioxa-12-azabicyclo[12.4.0]octadeca-1(14),15,17-trien-9-yl]methyl]-3-(4-fluorophenyl)-1-methylurea; BRD-K36022244",1,1,0.8083669,0.8083669,0.7135729,0.6266857981681824,0.631829559803009,0.7209095665090215,1
7241,"1-[(3R,9R,10R)-9-[[(4-fluorophenyl)sulfonyl-methylamino]methyl]-12-[(2S)-1-hydroxypropan-2-yl]-3,10-dimethyl-13-oxo-2,8-dioxa-12-azabicyclo[12.4.0]octadeca-1(14),15,17-trien-16-yl]-3-phenylurea; BRD-K79131428",5,4,0.7144444,0.6489462,0.67473197,0.6189482927322387,0.6216517329216004,0.8658514958183685,5
7254,"1-[[(3R,9S,10R)-16-(benzenesulfonamido)-12-[(2S)-1-hydroxypropan-2-yl]-3,10-dimethyl-13-oxo-2,8-dioxa-12-azabicyclo[12.4.0]octadeca-1(14),15,17-trien-9-yl]methyl]-3-(4-fluorophenyl)-1-methylurea; BRD-K32582686",3,2,0.7936616,0.7574439,0.7172485,0.594428559144338,0.5952311158180237,0.7396104931401974,3
7257,"BRD-K50204028; N-[(3R,9S,10R)-12-[(2S)-1-hydroxypropan-2-yl]-3,10-dimethyl-9-[[methyl-[(1-naphthalenylamino)-oxomethyl]amino]methyl]-13-oxo-2,8-dioxa-12-azabicyclo[12.4.0]octadeca-1(14),15,17-trien-16-yl]-4-pyridinecarboxamide",8,6,0.736845,0.752631,0.6821225,0.6199951842427254,0.6188200861215591,0.8214974580412385,8
7306,"BRD-K62719675; N-[(3S,9S,10R)-12-[(2S)-1-hydroxypropan-2-yl]-3,10-dimethyl-9-[[methyl-[(1-naphthalenylamino)-oxomethyl]amino]methyl]-13-oxo-2,8-dioxa-12-azabicyclo[12.4.0]octadeca-1(14),15,17-trien-16-yl]-4-pyridinecarboxamide",1,1,0.6575365,0.6575365,0.6502991,0.6777345538139343,0.678199052810669,0.8187374134879714,1
7323,"1-[(2S,3R)-2-[[(4-chlorophenyl)sulfonyl-methylamino]methyl]-5-[(2S)-1-hydroxypropan-2-yl]-3-methyl-6-oxo-3,4-dihydro-2H-1,5-benzoxazocin-10-yl]-3-(4-fluorophenyl)urea; BRD-K88217904",1,1,0.65239584,0.65239584,0.657676,0.6548037528991699,0.6535166501998901,0.9290493881395204,1
7348,"1-[(2R,3R)-2-[[(4-fluorophenyl)sulfonyl-methylamino]methyl]-5-[(2R)-1-hydroxypropan-2-yl]-3-methyl-6-oxo-2,3,4,7-tetrahydro-1,5-benzoxazonin-9-yl]-3-[4-(trifluoromethyl)phenyl]urea; BRD-K36754064",1,1,1.0516229,1.0516229,0.79348445,0.5791094899177551,0.5770666599273682,0.6342300182077726,1
7351,"(2S)-2-(dimethylamino)-N-[[(10R,11R)-13-[(2R)-1-hydroxypropan-2-yl]-11,16-dimethyl-14-oxo-9-oxa-13,16-diazatetracyclo[13.7.0.02,7.017,22]docosa-1(15),2,4,6,17,19,21-heptaen-10-yl]methyl]-N-methyl-3-phenylpropanamide; BRD-K78822642",4,4,0.57642365,0.52352846,0.60123193,0.6691990047693253,0.6678004562854767,0.5328218376688981,4
7355,"BRD-K65455015; N-[(3S,9S,10R)-9-[[benzenesulfonyl(methyl)amino]methyl]-12-[(2R)-1-hydroxypropan-2-yl]-3,10-dimethyl-13-oxo-2,8-dioxa-12-azabicyclo[12.4.0]octadeca-1(14),15,17-trien-16-yl]-4-(dimethylamino)butanamide",1,1,0.73995703,0.73995703,0.70374364,0.5597633719444275,0.5545362830162048,0.7592697089802662,1
7361,"1-[(2R,3R)-2-[[benzenesulfonyl(methyl)amino]methyl]-5-[(2R)-1-hydroxypropan-2-yl]-3-methyl-6-oxo-3,4-dihydro-2H-1,5-benzoxazocin-8-yl]-3-[4-(trifluoromethyl)phenyl]urea; BRD-K55179756",1,1,0.7381179,0.7381179,0.6542568,0.6040787100791931,0.608641505241394,0.4172188030810969,1
7364,"1-[(2S,3R)-2-[(dimethylamino)methyl]-5-[(2R)-1-hydroxypropan-2-yl]-3-methyl-6-oxo-3,4-dihydro-2H-1,5-benzoxazocin-8-yl]-3-phenylurea; BRD-K71672862",1,1,0.78075564,0.78075564,0.7289725,0.605189859867096,0.5991730690002441,0.7203737784725017,1
7365,"1-[(2S,3R)-5-[(2R)-1-hydroxypropan-2-yl]-3-methyl-2-[[methyl-[[4-(trifluoromethyl)phenyl]methyl]amino]methyl]-6-oxo-3,4-dihydro-2H-1,5-benzoxazocin-8-yl]-3-phenylurea; BRD-K69347381",1,1,0.99354804,0.99354804,0.80480963,0.6384040713310242,0.6451320052146912,0.7624807259920137,1
7366,"1-[(2R,3R)-5-[(2R)-1-hydroxypropan-2-yl]-3-methyl-2-[[methyl-[[4-(trifluoromethyl)phenyl]methyl]amino]methyl]-6-oxo-3,4-dihydro-2H-1,5-benzoxazocin-8-yl]-3-phenylurea; BRD-K63368502",1,1,1.0728726,1.0728726,0.823161,0.6165332198143005,0.6185245513916016,0.7814464165761223,1
7375,"BRD-K73945663; N-(2-aminophenyl)-N'-[(2S,3R)-2-[[(4-chlorophenyl)sulfonyl-methylamino]methyl]-5-[(2R)-1-hydroxypropan-2-yl]-3-methyl-6-oxo-3,4-dihydro-2H-1,5-benzoxazocin-10-yl]heptanediamide",4,3,0.7827962,0.7629055,0.6974048,0.6654570996761322,0.6660039275884628,0.8589385181373018,4
7380,"1-[(2S,3R)-2-[[(4-chlorophenyl)sulfonyl-methylamino]methyl]-5-[(2R)-1-hydroxypropan-2-yl]-3-methyl-6-oxo-3,4-dihydro-2H-1,5-benzoxazocin-10-yl]-3-(4-fluorophenyl)urea; BRD-K28377013",2,2,0.87511384,0.87511384,0.7258003,0.6230241358280182,0.6283156275749207,0.8953839767449858,2
7398,Taurodeoxycholic Acid; taurodeoxycholic-acid,1,1,0.7895564,0.7895564,0.71728647,0.538645327091217,0.5482738614082336,0.5808267724259103,1
7408,"BRD-K43226598; N'-(2-aminophenyl)-N-[(2S,3S)-5-[(2R)-1-hydroxypropan-2-yl]-3-methyl-2-[[methyl-[(4-phenylphenyl)methyl]amino]methyl]-6-oxo-2,3,4,7-tetrahydro-1,5-benzoxazonin-9-yl]heptanediamide",6,4,0.8018353,0.8218502,0.7239594,0.6457998752593994,0.6451548039913177,0.901166547302858,6
7413,"BRD-K60067222; N-(2-aminophenyl)-4-[[[(2S,3S)-8-(dimethylamino)-5-[(2R)-1-hydroxypropan-2-yl]-3-methyl-6-oxo-3,4-dihydro-2H-1,5-benzoxazocin-2-yl]methyl-methylamino]methyl]benzamide",6,5,0.7793309,0.7154442,0.70092726,0.6538353661696116,0.6533101797103882,0.8034649179880464,6
7421,"(8S,9S)-9-[[2,3-dihydro-1,4-benzodioxin-6-ylmethyl(methyl)amino]methyl]-6-[(2R)-1-hydroxypropan-2-yl]-8-methyl-10-oxa-1,6,13,14-tetrazabicyclo[10.2.1]pentadeca-12(15),13-dien-5-one; BRD-K38594532",1,1,0.727588,0.727588,0.6851479,0.6973138451576233,0.6922684907913208,0.757791349056417,1
7422,"(3S,9S,10S)-9-[[1,3-benzodioxol-5-ylmethyl(methyl)amino]methyl]-16-(dimethylamino)-12-[(2R)-1-hydroxypropan-2-yl]-3,10-dimethyl-2,8-dioxa-12-azabicyclo[12.4.0]octadeca-1(14),15,17-trien-13-one; SD-6-035-A3",1,1,1.0761137,1.0761137,0.8281406,0.6622990965843201,0.6576593518257141,0.8799618184723892,1
7455,"(3S,9R,10S)-9-[[1,3-benzodioxol-5-ylmethyl(methyl)amino]methyl]-16-(dimethylamino)-12-[(2R)-1-hydroxypropan-2-yl]-3,10-dimethyl-2,8-dioxa-12-azabicyclo[12.4.0]octadeca-1(14),15,17-trien-13-one; SD-6-035-A11",4,3,0.6785419,0.65931404,0.66202295,0.6293106526136398,0.6294171959161758,0.8487247461130663,4
7468,(2S)-2-amino-N-[(2S)-1-[[(2S)-4-chloro-3-oxo-1-phenylbutan-2-yl]amino]-1-oxopropan-2-yl]propanamide; BRD-K93080877,3,3,0.7350567,0.7696438,0.671377,0.648803194363912,0.6469745834668478,0.4706747411523397,3
7481,"BRD-K24754728; N-[(3S,9S,10S)-9-[[[anilino(oxo)methyl]-methylamino]methyl]-12-[(2S)-1-hydroxypropan-2-yl]-3,10-dimethyl-13-oxo-2,8-dioxa-12-azabicyclo[12.4.0]octadeca-1(14),15,17-trien-16-yl]cyclohexanecarboxamide",2,2,0.8676578,0.8676578,0.74721134,0.6080678999423981,0.6068325340747833,0.8008133802887598,2
7487,"1-[[(8S,9S)-6-[(2S)-1-hydroxypropan-2-yl]-8-methyl-5-oxo-10-oxa-1,6,13,14-tetrazabicyclo[10.2.1]pentadeca-12(15),13-dien-9-yl]methyl]-1-methyl-3-phenylurea; BRD-K26581628",1,1,0.7418047,0.7418047,0.6847607,0.5965149402618408,0.59288090467453,0.27982607345457,1
7510,"BRD-K32568627; N-[(2R,3S)-2-[[1,3-benzodioxol-5-ylmethyl(methyl)amino]methyl]-5-[(2S)-1-hydroxypropan-2-yl]-3-methyl-6-oxo-3,4-dihydro-2H-1,5-benzoxazocin-8-yl]-2-(1-methyl-3-indolyl)acetamide",3,3,0.8644751,0.8490421,0.75513154,0.6204754114151001,0.6205111543337504,0.6846770520569668,3
7532,"BRD-K57678861; N-(2-aminophenyl)-4-[[[(2R,3S)-10-[[anilino(oxo)methyl]amino]-5-[(2S)-1-hydroxypropan-2-yl]-3-methyl-6-oxo-3,4-dihydro-2H-1,5-benzoxazocin-2-yl]methyl-methylamino]methyl]benzamide",5,4,0.9140812,0.91005975,0.7634188,0.6285997986793518,0.6269610404968262,0.8342541117302151,5
7541,"(2S,3R,4S,5S,6R)-2-[(2R,3S,4R,5R,6S)-4,5-dihydroxy-6-[(2R,3R,4S,5S,6R)-5-hydroxy-2-[[(1S,2S,4S,5R,9R,10S,13S,17S,18R)-2-hydroxy-9-(hydroxymethyl)-4,5,9,13,20,20-hexamethyl-24-oxahexacyclo[15.5.2.01,18.04,17.05,14.08,13]tetracos-15-en-10-yl]oxy]-6-methyl-3-[(2S,3R,4S,5S,6R)-3,4,5-trihydroxy-6-(hydroxymethyl)oxan-2-yl]oxyoxan-4-yl]oxy-2-(hydroxymethyl)oxan-3-yl]oxy-6-(hydroxymethyl)oxane-3,4,5-triol; BRD-A14178283",6,6,0.69672006,0.6881189,0.6551184,0.6344328125317892,0.6357924044132233,0.6893969708893326,6
7543,"(10R,13S)-10,13-dimethyl-7,8,9,11,12,14,15,16-octahydro-6H-cyclopenta[a]phenanthrene-3,17-dione; BRD-A95513702",3,3,0.65755624,0.62614816,0.6425931,0.6126697858174642,0.6115259528160095,0.7481872522939677,3
7544,"4-[2-[(8S,10R,11S,13S,14S,17R)-11,17-dihydroxy-10,13-dimethyl-3-oxo-7,8,9,11,12,14,15,16-octahydro-6H-cyclopenta[a]phenanthren-17-yl]-2-oxoethoxy]-4-oxobutanoic acid; BRD-K09295900",3,2,0.65958685,0.6958612,0.65786976,0.7089110215504965,0.7070727348327637,0.872230432472498,3
7570,Eugenitol; eugenitol,4,3,0.7254102,0.6810651,0.6889525,0.6055801510810852,0.6030108034610748,0.8157391295199311,4
7573,2-[(7-Hydroxy-4-methyl-2-oxo-1-benzopyran-8-yl)methylamino]-4-methylpentanoic acid; ST-208960,1,1,0.7740044,0.7740044,0.6887665,0.6999796628952026,0.7060626149177551,0.0246152232384351,1
7575,"2-chloro-1-{1-[2-(4-chlorophenyl)ethyl]-2,5-dimethyl-1H-pyrrol-3-yl}ethan-1-one; BRD-K79390395",8,6,0.6924895,0.69392383,0.65553135,0.636309303343296,0.6350557804107666,0.7060452052750992,8
7582,"8,10-Dimethyl-4-(2-methylphenyl)-1,3-dihydropyrido[2,3]thieno[2,4-d][1,4]diazepine-2,5-dione; BRD-K26048285",1,1,0.6288631,0.6288631,0.6486598,0.5129033327102661,0.5100080370903015,0.0648211071189208,1
7587,"BRD-K69396629; N-(2,3-dihydro-1H-inden-5-yl)-5,7-dimethyl-3-pyrazolo[1,5-a]pyrimidinecarboxamide",1,1,1.0554626,1.0554626,0.8057872,0.5303550362586975,0.5315709710121155,0.0854913636620827,1
7589,"2-(4,6-Dimethyl-2-pyrimidinyl)-4-[(4-fluorophenyl)thio]-5-methyl-3-pyrazolamine; BRD-K12707296",1,1,1.1350925,1.1350925,0.857192,0.5265827775001526,0.518896222114563,0.4342969941619379,1
7599,2-[[1-[(3-bromophenyl)methyl]-3-indolyl]sulfonyl]-N-(5-methyl-3-isoxazolyl)acetamide; VU-0402604,3,2,0.7594072,0.76023746,0.68376285,0.6229450901349386,0.622819741566976,0.4045968185442463,3
7604,"BRD-K38061943; N-(4-chloro-3-methylphenyl)-2-oxo-3,4-dihydro-1H-quinoline-6-sulfonamide",3,3,0.83269006,0.80535674,0.73518413,0.5780923763910929,0.5761638283729553,0.2945969124964334,3
7619,"1-[2-(4-Methylphenyl)-3-indolizinyl]-2-[(5-methyl-1,3,4-thiadiazol-2-yl)thio]ethanone; BRD-K02223034",2,2,0.8075659,0.8075659,0.72363114,0.6117632389068604,0.6099340319633484,0.2580021876325663,2
7621,"2-cyclopropyl-N-[[(4R,5R)-2-[(2S)-1-hydroxypropan-2-yl]-4-methyl-8-(4-methylphenyl)-1,1-dioxo-4,5-dihydro-3H-6,1$l^{6},2-benzoxathiazocin-5-yl]methyl]-N-methylacetamide; BRD-K75636715",3,3,0.704752,0.65775096,0.6503696,0.6616909503936768,0.6611606280008951,0.5395547967082992,3
7627,"2-Amino-1-(4-methylphenyl)-6-oxo-4-phenylpyridine-3,5-dicarbonitrile; BRD-K50776152",4,4,0.81335366,0.8259276,0.72132415,0.6622432172298431,0.6611266136169434,0.5836156582954066,4
7631,"ARG-CSC-81; N-(4,5-dihydro-1,3-thiazol-2-yl)-3-(4-methylphenyl)acrylamide",2,2,0.76982814,0.76982814,0.70573175,0.6298505961894989,0.6289672553539276,0.1121938979956302,2
7632,4-methyl-N-(2-phenylphenyl)-3-(phenylsulfamoyl)benzamide; BRD-K44931544,1,1,0.5283522,0.5283522,0.5739802,0.5966632962226868,0.5940914750099182,0.627916899239909,1
7638,"1-[2-(2,5-dimethylphenoxy)ethyl]indole-3-carboxylic Acid; BRD-K76595177",2,1,0.83554816,0.83554816,0.73698914,0.6333584487438202,0.629544734954834,0.8532626027247785,2
7643,6-(2-methyl-3-furanyl)-N-[(5-methyl-2-furanyl)methyl]-4-quinazolinamine; BRD-K74980345,5,4,0.9178727,0.97617596,0.7671568,0.6538520216941833,0.6574761033058166,0.5228096638977389,5
7646,"2-[5-[(4-Methylphenyl)methylthio]-4-(thiophen-2-ylmethyl)-1,2,4-triazol-3-yl]pyridine; KU-C103898N",4,4,0.82402575,0.8295847,0.7185383,0.6409287005662918,0.6413503140211105,0.4841392686968937,4
7662,"3-[(4-Methylanilino)methyl]-1,3-benzoxazol-2-one; BRD-K66224104",1,1,0.80932105,0.80932105,0.7219442,0.6865782737731934,0.6842136979103088,0.0802142043942474,1
7670,VU-0418000-1; [1-[3-(4-Methylphenoxy)propyl]-4-piperidinyl]-diphenylmethanol,3,2,0.7655778,0.73240733,0.68703556,0.5883552233378092,0.5837180415789286,0.791195105530055,3
7674,"3,5-Dimethyl-4-[(4-methylphenyl)sulfonyl-phenylmethyl]-1,2-oxazole; BRD-A45206415",1,1,0.9335417,0.9335417,0.7861049,0.6201730370521545,0.6227758526802063,0.5641105876560565,1
7681,4-methyl-N-[[4-[oxo-[4-(phenylmethyl)-1-piperazinyl]methyl]phenyl]methyl]benzenesulfonamide; BRD-K16472144,3,3,0.8479924,0.81404924,0.7355705,0.6405603488286337,0.6418354908625284,0.5581403269141272,3
7685,BRD-K50311478; N-[(2R)-4-chloro-3-oxo-1-phenylbutan-2-yl]-4-methylbenzenesulfonamide,7,5,0.8342797,0.78402424,0.7243368,0.6086477722440448,0.6099085807800293,0.4684012004071013,7
7687,"N-[3-(2,1,3-benzothiadiazol-4-ylamino)-2-quinoxalinyl]-4-methylbenzenesulfonamide; SAR-245408",13,8,0.737903,0.75472724,0.6863549,0.6294473363802984,0.6286976337432861,0.5540651489259734,13
7696,(E)-2-(6-methyl-1H-benzimidazol-2-yl)-3-(5-methylfuran-2-yl)prop-2-enenitrile; BAS-09104376,2,2,0.8246133,0.8246133,0.71150434,0.6061881482601166,0.6020600497722626,0.6811957447897903,2
7703,"BRD-K73008154; [(8S,9S,10S)-6-(2-fluorophenyl)sulfonyl-9-[4-(3-methylphenyl)phenyl]-1,6-diazabicyclo[6.2.0]decan-10-yl]methanol",8,8,0.70852154,0.70856905,0.6711243,0.5771346464753151,0.5826637372374535,0.6250915439805937,8
7706,BRD-K45443730; [1-(3-Methylphenyl)-5-benzimidazolyl]-(1-piperidinyl)methanone,3,3,0.93889266,0.92216825,0.7840473,0.6218064427375793,0.6210609475771586,0.5492166088216595,3
7729,"1-[(4-Chlorophenyl)methyl]-4-[4-(2-methylphenyl)-1-piperazinyl]pyrazolo[3,4-d]pyrimidine; BRD-K53566850",1,1,1.004049,1.004049,0.8002645,0.5788202881813049,0.5766991376876831,0.5125216735686537,1
7730,1-(2-Methylphenyl)-3-[[1-[4-(4-morpholinylsulfonyl)phenyl]-4-piperidinyl]methyl]urea; BRD-K23978082,1,1,0.858218,0.858218,0.72253287,0.6048946976661682,0.6005005240440369,0.1070736704500853,1
7737,4-[(1-methyl-2-oxo-4-quinolinyl)oxy]-N-(4-methyl-2-pyridinyl)butanamide; BRD-K84203638,22,6,0.73092747,0.6762122,0.6756985,0.6220684837211262,0.6162610501050949,0.8317083382003987,22
7742,6-(3-furanyl)-N-methyl-N-[(3-methyl-2-thiophenyl)methyl]-4-quinazolinamine; BRD-K17025677,8,7,0.8665092,0.8426254,0.75150496,0.6299914866685867,0.6334638968110085,0.6982653618831979,8
7745,"N-[(3R,5S)-5-(hydroxymethyl)-3-pyrrolidinyl]-4-methyl-5-isoquinolinesulfonamide; TUL-XX025TFA",2,2,0.7316676,0.7316676,0.68888474,0.6412556171417236,0.6369629204273224,0.5788746960447524,2
7754,"BRD-A11929187; [4-(2,7-Dimethyl-5,6,7,8-tetrahydro-[1]benzothiolo[2,3-d]pyrimidin-4-yl)-1-piperazinyl]-(2-furanyl)methanone",2,2,0.79488,0.79488,0.7069956,0.6294605731964111,0.628667950630188,0.355052176764202,2
7755,"2-Furanyl-[4-(2-methyl-5,6,7,8-tetrahydro-[1]benzothiolo[2,3-d]pyrimidin-4-yl)-1-piperazinyl]methanone; BRD-K91134378",1,1,0.8346409,0.8346409,0.738309,0.5671314597129822,0.5695512890815735,0.602201784444484,1
7759,"1-(3,4-Dihydroxyphenyl)-2-(2-methyl-1-imidazolyl)ethanone; BRD-K89190195",2,2,0.84909475,0.84909475,0.7645803,0.6057822704315186,0.6104070544242859,0.4249015398575727,2
7773,"BRD-K78559095; N-[(2S,3R)-2-[[(3,5-dimethyl-4-isoxazolyl)sulfonyl-methylamino]methyl]-5-[(2R)-1-hydroxypropan-2-yl]-3-methyl-6-oxo-3,4-dihydro-2H-1,5-benzoxazocin-10-yl]-2-pyrazinecarboxamide",1,1,0.94002527,0.94002527,0.7812077,0.5975419878959656,0.5961298942565918,0.6910248120763411,1
7779,"BRD-K79947405; N-[(3R,9R,10S)-12-[(2S)-1-hydroxypropan-2-yl]-3,10-dimethyl-9-[[methyl-[[4-(trifluoromethyl)phenyl]methyl]amino]methyl]-13-oxo-2,8-dioxa-12-azabicyclo[12.4.0]octadeca-1(14),15,17-trien-16-yl]-3,5-dimethyl-4-isoxazolesulfonamide",2,2,0.6991211,0.6991211,0.6744684,0.6578091979026794,0.6575616002082825,0.8264427026266229,2
7804,6-(2-chlorophenyl)-N-(thiophen-2-ylmethyl)-4-quinazolinamine; BRD-K41797142,1,1,0.87540466,0.87540466,0.7709645,0.627626359462738,0.62529456615448,0.682011579412789,1
7811,"6-amino-1-benzyl-3-methyl-5-nitroso-2-thioxo-2,3-dihydropyrimidin-4(1H)-one; BRD-K37372998",1,1,0.89833844,0.89833844,0.7615582,0.622421383857727,0.622188925743103,0.2218955753452829,1
7816,BRD-K58853583; N-(4-bromo-2-pyridinyl)-4-[(1-methyl-2-oxo-4-quinolinyl)oxy]butanamide,8,5,0.8121811,0.7936824,0.71406734,0.5680024102330208,0.5613364577293396,0.8404185919350816,8
7821,"2-[[5-(2-Furanyl)-4-methyl-1,2,4-triazol-3-yl]thio]-1-(1,2,3,4-tetrahydrocarbazol-9-yl)ethanone; BRD-K10906552",5,5,0.6070585,0.5836344,0.6328169,0.6117691040039063,0.6118715524673461,0.3398076820278709,5
7833,(E)-N-[2-(1-methyltetrazol-5-yl)sulfanylethyl]-3-phenylprop-2-en-1-amine; BRD-K70960308,1,1,1.052497,1.052497,0.81789094,0.5805886387825012,0.5928223729133606,0.2887109095608229,1
7837,"4-[4-[(1-Methyl-5-tetrazolyl)thio]-5-thieno[2,3-d]pyrimidinyl]benzonitrile; BRD-K82732294",11,9,0.5024558,0.537166,0.56976604,0.7190565195950595,0.7178782712329518,0.988908225604846,11
7840,"4-[(1-Methyl-5-tetrazolyl)thio]-5-(4-nitrophenyl)thieno[2,3-d]pyrimidine; BRD-K44366801",11,8,0.5021114,0.4823034,0.5646221,0.71480731530623,0.7130628499117765,0.91718143689238,11
7846,"5-(3-Methylsulfonylphenyl)-4-[(1-methyl-5-tetrazolyl)thio]thieno[2,3-d]pyrimidine; BRD-K66037923",11,8,0.5673466,0.58689964,0.60023683,0.7091618559577249,0.7086803858930414,0.9194528878653148,11
7852,"5-(2-Chlorophenyl)-4-[(1-methyl-5-tetrazolyl)thio]thieno[2,3-d]pyrimidine; BRD-K55487965",7,5,0.6904952,0.67545676,0.66592747,0.6866407820156643,0.6869590282440186,0.8792894983350988,7
7870,"(E)-2-cyano-N-[4-[[4-[[(E)-2-cyano-3-(3,4-dihydroxyphenyl)prop-2-enoyl]amino]cyclohexyl]methyl]cyclohexyl]-3-(3,4-dihydroxyphenyl)prop-2-enamide; AG-592",14,11,0.67135257,0.66037345,0.65466654,0.6567967874663216,0.6576420749936785,0.4156260621168119,14
7875,BRD-K03670461; Tyrphostin 25,7,6,0.7750026,0.7816215,0.7036003,0.5948907307216099,0.59272871698652,0.7843117918451195,7
7903,"4-(4-Phenylphenoxy)benzene-1,2-dicarbonitrile; BRD-K00390580",1,1,0.8389165,0.8389165,0.73268497,0.5929521322250366,0.5886895060539246,0.4123818939673207,1
7906,3-[3-[4-[Hydroxy(diphenyl)methyl]-1-piperidinyl]propoxy]benzonitrile; VU-0413238-1,2,1,0.7573273,0.7573273,0.6915307,0.6254043579101562,0.624649703502655,0.5898584676450259,2
7938,Ro 16-6491; Ro-16-6941,1,1,0.75246,0.75246,0.6902524,0.6453209519386292,0.6439031362533569,0.6733266063130928,1
7954,1-(Phenylsulfonyl)-1H-benzimidazol-2-amine; BRD-K59840856,2,2,1.2905871,1.2905871,0.89631593,0.6066238880157471,0.604770302772522,0.6368889206750044,2
7972,BRD-K35004659; N'-[(E)-(2-hydroxynaphthalen-1-yl)methylideneamino]-N-(2-hydroxyphenyl)octanediamide,10,8,0.7189189,0.7154076,0.6818183,0.6161448359489441,0.6158995509147644,0.7239938191468629,10
7975,"BRD-K86269644; N'-[(E)-2,3-dihydro-1,4-benzodioxin-6-ylmethylideneamino]-N-(2-hydroxyphenyl)octanediamide",5,4,0.7225648,0.72255594,0.681239,0.6465273857116699,0.6490208148956299,0.2574111194328438,5
7987,2-(naphthalen-1-ylamino)-N-[(E)-(5-nitrofuran-2-yl)methylideneamino]acetamide; BRD-K85660637,7,5,0.7188374,0.74936074,0.6792997,0.6712403638022286,0.671145864895412,0.8084566399147826,7
7998,"BRD-K51696048; N-[2-(2-chlorophenyl)-1,3-benzoxazol-5-yl]-2-(4-nitrophenoxy)acetamide",2,2,0.8132663,0.8132663,0.7195708,0.6182712912559509,0.6153746843338013,0.509919014121953,2
8001,"BRD-K25835021; N-(2,3-dihydro-1H-inden-5-yl)-2-[(6-fluoro-4-oxo-3-phenyl-2-quinazolinyl)thio]acetamide",2,2,0.99894726,0.99894726,0.7891338,0.6407899260520935,0.645164281129837,0.517697312151213,2
8005,"BRD-K51745483; N-(2,3-dihydro-1H-inden-5-yl)-2-(4-oxo-3-phenylquinazolin-2-yl)sulfanylacetamide",3,3,0.76121134,0.76636565,0.67492956,0.6454816857973734,0.643123209476471,0.2261596155092552,3
8008,"BRD-K07061353; N-(4-bromophenyl)-2-[[5-(2-chlorophenyl)-4-phenyl-1,2,4-triazol-3-yl]sulfanyl]acetamide",11,8,0.78460336,0.763934,0.7063587,0.5977443673393943,0.5979201902042736,0.6130989864177105,11
8020,"2-[(3S,6aS,8S,10aS)-1-(1,3-benzodioxol-5-ylmethyl)-3-hydroxy-3,4,6,6a,8,9,10,10a-octahydro-2H-pyrano[2,3-c][1,5]oxazocin-8-yl]-N-(4-phenylphenyl)acetamide; BRD-K10211010",14,8,0.63407004,0.6136507,0.6326266,0.6822887063026428,0.684544984783445,0.7824241624696255,14
8028,"2-[(3S,6aR,8R,10aR)-1-[(2,5-difluorophenyl)methyl]-3-hydroxy-3,4,6,6a,8,9,10,10a-octahydro-2H-pyrano[2,3-c][1,5]oxazocin-8-yl]-N-[(4-chlorophenyl)methyl]acetamide; BRD-K09388341",1,1,0.72764814,0.72764814,0.7186586,0.6565119028091431,0.6556714773178101,0.6405077545058601,1
8045,"BRD-K69806016; N-[(1S,3R,4aS,9aR)-3-[2-(cyclohexylamino)-2-oxoethyl]-1-(hydroxymethyl)-3,4,4a,9a-tetrahydro-1H-pyrano[3,4-b]benzofuran-6-yl]-1,3-benzodioxole-5-carboxamide",3,3,0.69677097,0.6917052,0.67604834,0.6194219390551249,0.6181631684303284,0.4358114846059153,3
8047,"BRD-K92493271; N-[2-[(2R,5S,6R)-5-[[(4-chloroanilino)-oxomethyl]amino]-6-(hydroxymethyl)-2-oxanyl]ethyl]-2-(2-pyridinyl)acetamide",2,2,0.71217644,0.71217644,0.6770649,0.5816123783588409,0.5774603188037872,0.558172983046162,2
8056,"KU-C104127; N-(4-bromophenyl)-2-(3-oxo-1,2-benzothiazol-2-yl)acetamide",2,2,1.009841,1.009841,0.7890289,0.6460575759410858,0.64201420545578,0.4874579598000943,2
8067,"JFD02227; N-[1,1,1,3,3,3-hexafluoro-2-(2-pyridinylmethylamino)propan-2-yl]-3-pyridinecarboxamide",1,1,0.71869874,0.71869874,0.6869176,0.6071581840515137,0.6068931818008423,0.5343376835916385,1
8080,BRD-K73567619; N-[[1H-indol-2-yl(oxo)methyl]amino]carbamic acid (phenylmethyl) ester,2,2,0.7629713,0.7629713,0.6840086,0.6011887192726135,0.5980024635791779,0.5438089044847849,2
8105,BRD-K78797196; N-[3-(4-morpholinylsulfonyl)phenyl]-4-(2-oxo-1-pyrrolidinyl)benzamide,2,2,1.058054,1.058054,0.84083474,0.631128191947937,0.6332622468471527,0.0,2
8113,"BRD-A60784279; N-(18-Phenyl-11-oxa-13,15-diazatetracyclo[8.8.0.02,7.012,17]octadeca-1(10),2,4,6,8,12,14,16-octaen-16-yl)benzamide",5,5,0.76074064,0.7438082,0.7018104,0.6643510699272156,0.6639164090156555,0.7138737623535583,5
8125,"2-[(4Z)-2,5-dioxo-4-[[1-(4-phosphonophenyl)pyrrol-2-yl]methylidene]imidazolidin-1-yl]acetic acid; BRD-K63550534",2,2,1.1563983,1.1563983,0.8734127,0.6598818898200989,0.6593620479106903,0.5422128983524456,2
8129,"(6R,7S,8aS)-6-(4-hydroxyphenyl)-1,4-dioxo-2,3,6,7,8,8a-hexahydropyrrolo[1,2-a]pyrazine-7-carboxylic acid; BRD-K88569143",4,4,0.80108094,0.7915733,0.7201423,0.5923444032669067,0.5935250222682953,0.5243124691799673,4
8143,"2-((1R)-1-carboxy-2-naphthalen-1-ylethyl)-1,3-dioxo-2,3-dihydro-1H-isoindole-5-carboxylic acid; BRD-K37323001",1,1,0.791281,0.791281,0.70806104,0.6099629402160645,0.6149805784225464,0.3721839559968242,1
8149,"4-{[5-(4-Chlorophenyl)-1,3,4-oxadiazol-2-yl]sulfanyl}but-2-yn-1-yl 4-fluorobenzoate; BRD-K64314806",1,1,0.6919528,0.6919528,0.6398376,0.5890569090843201,0.5890381336212158,0.5437038081400134,1
8156,"3,4-Difluorobenzoic acid 4-[[5-(1-naphthalenyl)-1,3,4-oxadiazol-2-yl]thio]but-2-ynyl ester; BRD-K07872006",1,1,0.65657926,0.65657926,0.6390485,0.6476902961730957,0.6653740406036377,0.4374587184873628,1
8158,"6-Fluoro-3-pyridinecarboxylic acid 4-[[5-(1-naphthalenyl)-1,3,4-oxadiazol-2-yl]thio]but-2-ynyl ester; BRD-K89546934",2,2,0.7280852,0.7280852,0.68501765,0.619395911693573,0.6205357909202576,0.9205916119767444,2
8162,"4-Pyridinecarboxylic acid 4-[[5-(1-naphthalenyl)-1,3,4-oxadiazol-2-yl]thio]but-2-ynyl ester; BRD-K95561591",2,1,0.74202704,0.74202704,0.70964396,0.5940452516078949,0.5911469161510468,0.8015078878773176,2
8196,"BRD-K59556282; N-(4-bromophenyl)sulfonyl-2-chloro-N-(2-oxo-1,3-benzoxathiol-5-yl)benzamide",4,4,0.62850094,0.60464567,0.6308273,0.6069209575653076,0.6075353473424911,0.3756316045450879,4
8197,1-(2-Fluorophenyl)-3-(4-morpholinyl)-2-phenyl-1-propanone; BRD-A49848186,11,8,0.59154344,0.6061627,0.60326976,0.7028228098695929,0.7023433446884155,0.7710557157998376,11
8211,Chlordecone; kepone,5,2,0.66738933,0.66684866,0.6522007,0.6609582543373108,0.6650734066963195,0.2332023809050778,5
8212,"2-(5-phenyl-1H-1,2,4-triazol-3-yl)-3a,4,7,7a-tetrahydroisoindole-1,3-dione; STK-111867",1,1,0.89490306,0.89490306,0.764326,0.6434551477432251,0.6444846987724304,0.3569971251966929,1
8213,"1-[(E)-2-phenylethenyl]sulfonyl-2,3-dihydropyridin-6-one; RS-I-002-6",13,9,0.6157017,0.62194014,0.62554985,0.6723717909592849,0.66956371985949,0.7835625008539825,13
8234,"Pfmrk Inhibitor, WR 216174; WR-216174",8,7,0.7390442,0.71024394,0.6806839,0.6359578669071198,0.6329813674092293,0.7593664247270313,8
8236,"5-[2-(1-cyclohexenyl)ethynyl]-6'-[2-(2-hydroxyethoxy)phenyl]-N-(2-hydroxy-2-phenylethyl)-1',2-dioxo-3',4'-diphenyl-8'-spiro[1H-indole-3,7'-4,6,8,8a-tetrahydro-3H-pyrrolo[2,1-c][1,4]oxazine]carboxamide; BRD-A90643929",5,5,0.6420485,0.6014471,0.6418575,0.66586674451828,0.6672168016433716,0.5709749377702076,5
8261,"4-chloro-N-[4-(1,1,1,3,3,3-hexafluoro-2-hydroxypropan-2-yl)phenyl]-2,1,3-benzoxadiazole-7-sulfonamide; BRD-K99633092",9,7,0.70848656,0.68943846,0.68140846,0.6313668025864495,0.6330809924337599,0.8650162415990919,9
8267,"1-(2,3-Dihydro-1,4-benzodioxin-6-ylsulfonyl)-4-(2,4,6-trifluorophenyl)sulfonylpiperazine; BRD-K74348865",1,1,0.940608,0.940608,0.7999139,0.6897457242012024,0.6874189972877502,0.0,1
8277,"1-Naphthalenesulfonic acid, 3-hydroxy-4-[2-(1-hydroxy-2-naphthalenyl)diazenyl]-7-nitro-; BRD-K16233984",6,6,0.9648153,0.9064708,0.7819198,0.6136367619037628,0.6135293344656626,0.5016610635732157,6
8282,BRD-K04887706,41,15,0.7482873,0.7398884,0.6874408,0.6330523345528579,0.6333208854605512,0.6725331499718601,41
8289,((E)-3-benzyl-2-(2-(pyridin-3-yl)vinyl)quinazolin-4-(3H)-one); BRD-K10882151,11,8,0.8291361,0.7988266,0.71959394,0.6353409507057883,0.6352899453856728,0.3827972017409081,11
8298,"3-phenyl-6-[4-[3-(trifluoromethyl)phenyl]-1-piperazinyl]-1H-pyrimidine-2,4-dione; BRD-K08640787",3,2,0.65120596,0.6363145,0.64968085,0.6404017607371012,0.6406286756197611,0.711399486999984,3
8323,"BRD-K68906258; [(8R,9S,10S)-9-[4-[(E)-2-phenylethenyl]phenyl]-6-(pyridin-3-ylmethyl)-1,6-diazabicyclo[6.2.0]decan-10-yl]methanol",1,1,0.77225053,0.77225053,0.69179046,0.6463800072669983,0.6460034251213074,0.8666721905338419,1
8326,"BRD-K41335306; [(8S,9R,10R)-9-[4-[(E)-2-phenylethenyl]phenyl]-6-(pyridin-3-ylmethyl)-1,6-diazabicyclo[6.2.0]decan-10-yl]methanol",16,8,0.7129351,0.7506609,0.672927,0.6325198523700237,0.6320070847868919,0.8299468755156865,16
8334,"4-(1,2,3,6-Tetrahydropyridin-4-yl)benzene-1,2-diol; BRD-K89486464",4,3,0.8904895,0.9085489,0.74980545,0.6296554505825043,0.6279999911785126,0.6776279681046811,4
8337,4-(2-(6-Chloroquinazolin-4-ylamino)ethyl)phenol; BRD-K83194053,10,6,0.8408173,0.7929107,0.72795576,0.643162202835083,0.6437475502490997,0.705173413450626,10
8339,5-(2-Phenylethyl)-8-quinolinol; BRD-K95138506,11,8,0.65629596,0.6708488,0.6456413,0.6785590594465082,0.6784540685740384,0.7907121736584569,11
8355,"2-{2-[5-(2-Hydroxyphenyl)-1,2,4-oxadiazol-3-yl]vinyl}phenol; BRD-K70918941",2,2,0.6570068,0.6570068,0.6576774,0.6131819188594818,0.6132570803165436,0.2876585438936989,2
8357,BRD-K76425766,1,1,0.9007612,0.9007612,0.79905295,0.5837157964706421,0.5812544226646423,0.3214296429021894,1
8367,"BRD-K05452595; [(4R,5R)-4-[[2-(azidomethyl)phenyl]methyl]-5-(2-azidophenyl)-2-[4-(3-hydroxypropoxy)phenyl]-5H-oxazol-4-yl]-(4-morpholinyl)methanone",3,3,0.62008387,0.54639304,0.6137865,0.63563605149587,0.6348553697268168,0.6154813475637114,3
8369,"BRD-K90849765; [(4R,5R)-5-(2-azidophenyl)-4-[(2-azidophenyl)methyl]-2-[4-(3-hydroxypropoxy)phenyl]-5H-oxazol-4-yl]-(1-piperidinyl)methanone",6,6,0.7537131,0.80560726,0.6973281,0.6166788438955942,0.6172718604405721,0.4297203759211769,6
8390,3-(4-pyridyl)-1H-indole; BRD-K23875128,20,12,0.8713309,0.8453798,0.7485658,0.613248074054718,0.6114096879959107,0.6960841470754953,20
8402,6-(3-furanyl)-N-(3-pyridinylmethyl)-4-quinazolinamine; BRD-K04779531,2,2,0.7354137,0.7354137,0.67824805,0.6499609649181366,0.6486079394817352,0.5316346252351893,2
8410,"6-(1,3-benzodioxol-5-yl)-N-[[(2S)-2-oxolanyl]methyl]-4-quinazolinamine; BRD-K02437976",1,1,0.69349205,0.69349205,0.68739516,0.6473283767700195,0.6426557898521423,0.3501682699298708,1
8418,BRD-A39415247,11,4,0.77692467,0.75933266,0.7086739,0.6635720729827881,0.666717068715529,0.7930937443209702,11
23573,BRD-K49448285,7,6,0.80785036,0.80374444,0.72213906,0.5808223741395133,0.583234863621848,0.6154356441139293,7
23977,"4-[[[(4S,5R)-2-[(2R)-1-hydroxypropan-2-yl]-4-methyl-1,1-dioxo-8-prop-1-enyl-4,5-dihydro-3H-6,1lambda6,2-benzoxathiazocin-5-yl]methyl-methylamino]methyl]benzoic acid; BRD-K35253118",1,1,0.7723434,0.7723434,0.71979296,0.5673618316650391,0.5707539319992065,0.2032053460901828,1
23984,Levetiracetam,2,2,0.9197979,0.9197979,0.7580582,0.6368132531642914,0.6314023435115814,0.7026366292937862,6
24008,"BRD-K23047495; N-cyclobutyl-2-[(2R,5R,6R)-6-(hydroxymethyl)-5-[[oxo(propylamino)methyl]amino]-2-oxanyl]acetamide",2,2,0.81404024,0.81404024,0.7219944,0.6367936730384827,0.6435329914093018,0.1729060021186441,2
24016,"2-[(2S,5R,6S)-5-(ethylsulfonylamino)-6-(hydroxymethyl)-2-oxanyl]-N-(4-phenylphenyl)acetamide; BRD-K16163479",3,3,0.71643543,0.78345144,0.7076044,0.6148106058438619,0.6106074055035909,0.5026390804511842,3
24036,Clozapine,13,10,0.7631155,0.7705651,0.7068975,0.6298644657318409,0.6259565697266505,0.9184022020764918,38
24042,Fluoxetine,26,14,0.7291321,0.7341186,0.67963356,0.6271568376284379,0.6279417459781353,0.7994854194181993,47
24047,"(2S,3R)-8-bromo-5-[(2R)-1-hydroxypropan-2-yl]-3-methyl-2-(methylaminomethyl)-3,4-dihydro-2H-pyrido[2,3-b][1,5]oxazocin-6-one; BRD-K11055147",1,1,0.74347883,0.74347883,0.66545546,0.61506187915802,0.6094851493835449,0.6276054663089718,1
24048,"(2S,3R)-8-(2-cyclohexylethynyl)-5-[(2R)-1-hydroxypropan-2-yl]-3-methyl-2-(methylaminomethyl)-3,4-dihydro-2H-pyrido[2,3-b][1,5]oxazocin-6-one; BRD-K35894044",2,2,0.62239516,0.62239516,0.6316047,0.6607048511505127,0.6558870077133179,0.5651447244708521,2
24061,"BRD-K02862004; N-[[(2R,3R)-8-bromo-5-[(2R)-1-hydroxypropan-2-yl]-3-methyl-6-oxo-3,4-dihydro-2H-pyrido[2,3-b][1,5]oxazocin-2-yl]methyl]-2-methoxy-N-methylacetamide",1,1,0.778118,0.778118,0.70941806,0.5785588622093201,0.5708502531051636,0.5309482388340471,1
24069,"BRD-K72753750; N-[(4S,7R,8R)-5-[(2-fluorophenyl)-oxomethyl]-8-methoxy-4,7,10-trimethyl-11-oxo-2-oxa-5,10-diazabicyclo[10.4.0]hexadeca-1(12),13,15-trien-14-yl]cyclopropanecarboxamide",3,2,0.989446,0.9752706,0.7918842,0.6366090377171835,0.6377392212549845,0.5736745809433829,3
24071,"1-[(4S,7S,8R)-8-methoxy-4,7,10-trimethyl-11-oxo-2-oxa-5,10-diazabicyclo[10.4.0]hexadeca-1(12),13,15-trien-14-yl]-3-propan-2-ylurea; BRD-K15849455",2,2,0.742802,0.742802,0.6905441,0.6148265302181244,0.6137902438640594,0.7317404120604523,2
24077,"BRD-K21765169; N-[(5R,6S,9S)-8-(cyclopropylmethyl)-5-methoxy-3,6,9-trimethyl-2-oxo-11-oxa-3,8-diazabicyclo[10.4.0]hexadeca-1(12),13,15-trien-14-yl]-3-fluorobenzamide",3,2,0.77825975,0.7738893,0.71689147,0.6486309170722961,0.6457674503326416,0.4826884273289634,3
24084,"1-(4-fluorophenyl)-3-[(3S,9R,10R)-12-[(2R)-1-hydroxypropan-2-yl]-9-[[(4-methoxyphenyl)methyl-methylamino]methyl]-3,10-dimethyl-13-oxo-2,8-dioxa-12-azabicyclo[12.4.0]octadeca-1(14),15,17-trien-16-yl]urea; BRD-K06188599",2,2,0.82788897,0.82788897,0.7195548,0.6490468382835388,0.6477524042129517,0.6145182020015956,2
24104,"2-[(2S,5R,6S)-6-(hydroxymethyl)-5-[[1-oxo-2-(2-pyridinyl)ethyl]amino]-2-oxanyl]-N-[(1R)-1-phenylethyl]acetamide; BRD-K06836704",1,1,0.74327713,0.74327713,0.68186784,0.6592022180557251,0.6572161316871643,0.3265735445854379,1
24124,"BRD-K80954687; N-[[(4R,5R)-8-[2-(2-fluorophenyl)ethynyl]-2-[(2R)-1-hydroxypropan-2-yl]-4-methyl-1,1-dioxo-4,5-dihydro-3H-6,1$l^{6},2-benzoxathiazocin-5-yl]methyl]-N-methyl-1,3-benzodioxole-5-carboxamide",2,1,0.7713039,0.7713039,0.69101346,0.6399911940097809,0.6414354741573334,0.440298703569188,2
24144,"(2S)-2-[(4S,5S)-4-methyl-8-(4-methylphenyl)-5-[[methyl(5-pyrimidinylmethyl)amino]methyl]-1,1-dioxo-4,5-dihydro-3H-6,1$l^{6},2-benzoxathiazocin-2-yl]-1-propanol; BRD-K84110809",3,2,0.72409314,0.7309497,0.67523414,0.608860989411672,0.6070946653683981,0.6637922154355309,3
24187,"2-[(2R,5R,6R)-5-[(4-fluorophenyl)sulfonylamino]-6-(hydroxymethyl)-2-oxanyl]-N-(2-pyridin-4-ylethyl)acetamide; BRD-K35030377",2,2,0.706497,0.706497,0.68060625,0.6453505158424377,0.6405880451202393,0.4419219361284026,2
24206,"2-{[2-(morpholin-4-ylcarbonyl)-1,2,3,4-tetrahydroisoquinolin-1-yl]methyl}-1H-isoindole-1,3(2H)-dione; BRD-A25852694",1,1,0.8648559,0.8648559,0.7553252,0.5940854549407959,0.5907958745956421,0.5044748972630464,1
24221,Sodium dichromate,7,1,0.72720915,0.67013717,0.67694885,0.6001983880996704,0.600665135043008,0.1769211973037529,7
