compound_embedding_row_index,compound_name,n_profiles,mean_total_error,variance_total_error,std_total_error,median_total_error,mean_signature_error,variance_signature_error,mean_compound_error,mean_context_error,mean_signature_reconstruction_loss,mean_compound_reconstruction_bce,mean_signature_sign_accuracy,mean_compound_bitwise_accuracy,error_percentile,predictability_score
5198,Mitoxantrone (dihydrochloride); Mitoxantrone Hydrochloride,144,0.10177389,0.0006210603,0.02492108,0.09915522,0.07539889,0.0005865496,0.02249705,0.0070168087,0.1488339297013888,0.006506887,0.9830414186805556,0.9980947,0.0003028009084027,0.9996971990915972
5185,Doxorubicin (hydrochloride); Doxorubicin Hydrochloride; Epirubicin (hydrochloride); Epirubicin Hydrochloride,280,0.10196324,0.00074545183,0.02730297,0.09912634,0.073337294,0.00063817383,0.022532672,0.01137038,0.1832299974142857,0.0057315817,0.9738846024642858,0.99868095,0.000454201362604,0.999545798637396
1571,3-(4-Methylpiperazine-1-carbonyl)-7-oxabicyclo(2.2.1)heptane-2-carboxylic acid; LB-100,130,0.10778303,0.00088308577,0.029716754,0.106208086,0.08117521,0.00086549553,0.022700973,0.0068081175,0.1592468198076923,0.013626978,0.978107301153846,0.9964825000000002,0.0006056018168054,0.9993943981831944
5137,Docetaxel (Trihydrate); Docetaxel Trihydrate,136,0.113928765,0.00068653293,0.026201773,0.11089277,0.071620986,0.0006136551,0.036244225,0.010647769,0.1669813834191176,0.009997434,0.9790762863235294,0.99721533,0.0009084027252081,0.9990915972747918
5217,Pitavastatin (Calcium); Pitavastatin Calcium,142,0.11582055,0.00046794402,0.021632016,0.11430791,0.071288265,0.00041220806,0.036866244,0.012011656,0.1766233736619718,0.043460086,0.9749041359859154,0.9843177,0.0010598031794095,0.9989401968205904
155,Tirabrutinib,139,0.11639266,0.0009639491,0.031047529,0.11244377,0.07781952,0.0008102259,0.030683085,0.014404248,0.1533593333669064,0.035599034,0.9784079476978416,0.98812836,0.0012112036336109,0.9987887963663892
5175,Fostamatinib (disodium hexahydrate),135,0.11962132,0.00066793663,0.025844477,0.117099494,0.068284936,0.00053892867,0.040776365,0.019140322,0.1909103166666666,0.08240803,0.9762472497037038,0.97449803,0.0013626040878122,0.9986373959121876
767,Posaconazole,137,0.11999656,0.00063596637,0.025218373,0.121047124,0.07880342,0.0005723025,0.03459073,0.011468245,0.1662421125328467,0.042152412,0.9737054367883212,0.9853437,0.0015140045420136,0.9984859954579864
1770,"1-O-[(2S,3S,6R)-4-methoxy-16,18-dioxa-10-azapentacyclo[11.7.0.02,6.06,10.015,19]icosa-1(20),4,13,15(19)-tetraen-3-yl] 4-O-methyl (2R)-2-hydroxy-2-(3-hydroxy-3-methylbutyl)butanedioate; Harringtonine",147,0.1227301,0.020459779,0.1430377,0.10067889,0.091789864,0.016538573,0.024110023,0.011833336,0.1552262257823129,0.051410105,0.9818659889115646,0.98270553,0.0016654049962149,0.998334595003785
643,Glycyrrhizic acid; Glycyrrhizin,140,0.1236017,0.00068102713,0.026096497,0.119524784,0.07736733,0.0006038986,0.03752957,0.015028072,0.2070344792928571,0.011159303,0.9676019895714286,0.99662906,0.0019682059046177,0.9980317940953825
5204,Cytarabine (hydrochloride); Cytarabine Hydrochloride,135,0.12429285,0.0007863168,0.028041339,0.1220752,0.077620424,0.00061006536,0.03945723,0.013380812,0.1790708675037037,0.0029860279,0.9716311482962964,0.99970686,0.002119606358819,0.997880393641181
5197,Pyridoxine (hydrochloride); Pyridoxine Hydrochloride,287,0.12444831,0.0007744769,0.027829427,0.12453863,0.0852895,0.0006638641,0.03390224,0.009794488,0.171085960261324,0.010517847,0.9767053226829268,0.9958962,0.0022710068130204,0.9977289931869796
609,Captopril,146,0.12528913,0.0010255878,0.0320248,0.12199998,0.07581893,0.00082690606,0.042180862,0.013236308,0.2426026067808219,0.008645852,0.9580070888356164,0.99721533,0.0024224072672218,0.9975775927327782
5153,Vinblastine (sulfate); Vinblastine Sulfate,143,0.12566298,0.0010674997,0.032672618,0.12210566,0.096629776,0.00094603456,0.024809353,0.0054854094,0.1610840463706293,0.011587638,0.981484425944056,0.9963359000000002,0.0025738077214231,0.9974261922785768
5146,"2-Pyridinamine, 3-((1R)-1-(2,6-dichloro-3-fluorophenyl)ethoxy)-5-(1-(4-piperidinyl)-1H-pyrazol-4-yl)-, hydrochloride (1:1); Crizotinib (hydrochloride)",143,0.1264931,0.00095431745,0.030892035,0.124368995,0.09485441,0.0008560756,0.026955286,0.0073795835,0.1620070995244755,0.020364765,0.9771501891608392,0.99369776,0.0027252081756245,0.9972747918243756
5280,Artenimol; Dihydroartemisinin,143,0.12871619,0.00087893114,0.029646771,0.12788203,0.08479563,0.00078016333,0.03950479,0.0074114823,0.1741841894475524,0.009622964,0.973821927972028,0.9975084,0.0028766086298258,0.997123391370174
5150,Doxycycline (monohydrate); Invertin,139,0.1287253,0.0007085368,0.026618361,0.12755515,0.07453088,0.00060572487,0.047198396,0.012250017,0.1640526409352518,0.039728098,0.9765747777697844,0.9853437,0.0030280090840272,0.9969719909159728
5134,Idarubicin (hydrochloride); Idarubicin Hydrochloride,142,0.12901984,0.00061934907,0.024886724,0.12707129,0.083255835,0.00053889805,0.041523896,0.007177144,0.1312535630070422,0.008396865,0.987940145,0.9975084,0.0031794095382286,0.9968205904617714
5535,Gallic acid (hydrate); Gallic acid monohydrate,291,0.12903075,0.0010838972,0.03292259,0.12685528,0.089345016,0.0009634361,0.033490684,0.00977573,0.160021219395189,0.0022707535,0.9784223272852234,0.9991206,0.0033308099924299,0.99666919000757
5287,Daptomycin,138,0.12904805,0.0006822509,0.026119929,0.124819085,0.07824997,0.00057408266,0.042289097,0.015391687,0.2222695235797101,0.008429069,0.9645108913768116,0.9979481,0.0034822104466313,0.9965177895533688
5156,"2-Piperidinecarboxamide, 1-butyl-N-(2,6-dimethylphenyl)-, hydrochloride (1:1), (2S)-; Levobupivacaine (hydrochloride)",136,0.13043715,0.0011016135,0.03319057,0.1288439,0.079619184,0.0008593693,0.044673294,0.011405437,0.146367332125,0.005607384,0.977501885,0.9985344,0.0036336109008327,0.9963663890991672
5143,Belumosudil (mesylate),278,0.13095969,0.00075272244,0.02743579,0.13208629,0.08587129,0.0006242593,0.03762531,0.013608568,0.2070744227122302,0.020358725,0.966098486438849,0.9922321400000002,0.003785011355034,0.996214988644966
5133,Tirabrutinib (hydrochloride); Tirabrutinib hydrochloride,140,0.13291901,0.0009911692,0.031482838,0.1284647,0.09800371,0.0008876781,0.0301768,0.00848558,0.15254643155,0.03872522,0.9779952867857143,0.9869559,0.0039364118092354,0.9960635881907646
754,Clobetasol Propionate; Clobetasol propionate,144,0.13310911,0.00076434517,0.027646793,0.13064149,0.092316106,0.0007092801,0.035963465,0.008271787,0.1754884362916666,0.017262954,0.9747448511805556,0.9950169,0.0040878122634367,0.9959121877365632
755,Betamethasone Dipropionate; Betamethasone dipropionate,141,0.13331027,0.0011723904,0.03424019,0.13385195,0.08749601,0.0009890045,0.040272158,0.009679507,0.1689723883475177,0.015497904,0.9755282984397164,0.9954565,0.0042392127176381,0.9957607872823618
