compound_embedding_row_index,compound_name,n_profiles,mean_total_error,variance_total_error,std_total_error,median_total_error,mean_signature_error,variance_signature_error,std_signature_error,mean_compound_error,variance_compound_error,mean_numeric_error,mean_categorical_error,mean_signature_reconstruction_loss,mean_compound_reconstruction_bce,mean_signature_sign_accuracy,mean_compound_bitwise_accuracy,error_percentile,predictability_score,mean_source_normalized_error_z,variance_source_normalized_error_z,std_source_normalized_error_z,median_source_normalized_error_z,n_sources,source_normalized_error_percentile,source_normalized_predictability_score,profile_count_bin
24002,Palmitic acid,57,0.4054891,0.08535277,0.292152,0.32794473,0.36233595,0.07054187,0.2655972,0.042175062,0.00081362034,0.0025455742,0.0009379892,0.1544181025087719,0.0008399024,0.982910959122807,0.99970686,0.9981831945495836,0.0018168054504164,0.2064299484991996,0.7253938779056137,0.8517005799608297,-0.030979268832109278,2,0.35594246782740346,0.6440575321725965,20-99
3113,Talazoparib; talazoparib,82,0.39506164,0.12409778,0.35227516,0.2878129,0.34072608,0.10466995,0.32352734,0.050593045,0.0016586317,0.0019057299,0.0067226943,0.2082014663658536,0.06056576,0.9732763829268292,0.979188,0.997880393641181,0.002119606358819,0.3872777771202357,0.9231209094848883,0.9607918138103011,0.10962861426278202,3,0.430885692657078,0.569114307342922,20-99
1367,6-ethyl-3-[3-methoxy-4-[4-(4-methylpiperazin-1-yl)piperidin-1-yl]anilino]-5-(oxan-4-ylamino)pyrazine-2-carboxamide; Gilteritinib,20,0.38530162,0.10486426,0.3238275,0.25357908,0.2984205,0.08773934,0.29620826,0.08584127,0.001139766,0.0015816325,0.0014470799,0.2451489119,0.018542785,0.953731732,0.9922321400000002,0.9977289931869796,0.0022710068130203,0.31263697883589103,0.8997790126086714,0.948566820318248,0.1286031997160954,2,0.4022710068130204,0.5977289931869796,20-99
5116,cisplatin,155,0.37180778,0.10779059,0.32831484,0.29919264,0.32446676,0.09499458,0.30821195,0.045043968,0.0006572413,0.0023976243,0.0036350435,0.2637046238967742,0.00384589,0.9505619113548388,0.9988275,0.9972747918243756,0.0027252081756244,0.18985040744152573,0.8225391934225195,0.9069394651367418,-0.07569121086961515,2,0.34928084784254354,0.6507191521574565,100+
21252,glutamine,22,0.34212747,0.0621046,0.24920796,0.3064896,0.29302117,0.055016626,0.23455621,0.045429107,0.00042261224,0.0005875007,0.0071194214,0.2671828406363636,0.0011977431,0.959633365,1.0,0.9947009841029524,0.0052990158970477,0.010664093232859505,0.53542079311946,0.7317245336323362,-0.09397583255590478,1,0.26540499621498864,0.7345950037850113,20-99
3298,Nicotinamide; nicotinamide,93,0.3260074,0.13800697,0.37149283,0.1931114,0.28832203,0.12536885,0.35407466,0.035063546,0.000476222,0.0014230923,0.0046744067,0.2112939309139785,0.002578438,0.9680730981720428,0.9994137,0.9925813777441332,0.0074186222558667,0.04353123093773632,1.1863153414633403,1.0891810416378631,-0.37864713751754436,2,0.28069644208932626,0.7193035579106737,20-99
3413,"(1R,2S)-Tranylcypromine; tranylcypromine",37,0.32160395,0.06456981,0.25410593,0.26359564,0.27676132,0.056628235,0.23796688,0.04125373,0.00034130717,0.0015163013,0.006571315,0.2833617885405405,0.002730482,0.937442345945946,0.99926716,0.9915215745647236,0.0084784254352763,0.04518409020845053,0.6152807503969727,0.7843983365592846,-0.055690218088861834,4,0.2813020439061317,0.7186979560938682,20-99
2508,"(8S,9S,10R,11S,13S,14R,17R)-11,17-dihydroxy-17-(2-hydroxyacetyl)-10,13-dimethyl-7,8,9,11,12,14,15,16-octahydro-6H-cyclopenta[a]phenanthren-3-one; prednisolone",28,0.297177,0.17316435,0.4161302,0.15452528,0.2657885,0.1580231,0.3975212,0.027779851,0.00059827854,0.0011980691,0.0067380103,0.2371930173571428,0.0077098514999999,0.9573404807142856,0.997655,0.9865253595760788,0.0134746404239213,0.11825059882315066,1.5996852446069751,1.2647866399543344,-0.1722370869941882,4,0.31703255109765327,0.6829674489023467,20-99
2344,"Eed226; N-(furan-2-ylmethyl)-8-(4-methylsulfonylphenyl)-[1,2,4]triazolo[4,3-c]pyrimidin-5-amine",20,0.293354,0.02527606,0.15898448,0.27567512,0.20994994,0.02346334,0.15317747,0.077026226,9.265031e-05,0.002083234,0.011922406,0.37845220395,0.0154061215,0.892487841,0.99516344,0.9851627554882664,0.0148372445117335,0.3412651745274825,1.1413029467257807,1.0683178116673806,0.004753169442837088,2,0.41362604087812266,0.5863739591218773,20-99
1403,"3-(diaminomethylidene)-1,1-dimethylguanidine; Metformin",84,0.26486868,0.099617995,0.3156232,0.1160794,0.22648448,0.08566338,0.29268306,0.033265926,0.00074828684,0.0019646122,0.009450704,0.2942113683214286,0.015716646,0.9498534991666668,0.9950169,0.9735049205147616,0.0264950794852384,-0.07133650229831379,0.952383202621991,0.975901225853309,-0.3538674267925627,5,0.2254352763058289,0.7745647236941711,20-99
4953,TCPOBOP,26,0.26342028,0.02344228,0.15310873,0.2094245,0.17033792,0.02260293,0.15034272,0.09063187,0.00025982564,0.0009640274,0.0045154253,0.3340711661538461,0.006768198,0.9228410880769232,0.9979481,0.9718395155185464,0.0281604844814534,-0.22043594236763017,0.2021023120508191,0.44955790733877554,-0.37897845838349076,1,0.16260408781226343,0.8373959121877366,20-99
1076,Barasertib; barasertib,20,0.2541688,0.0064339815,0.080212116,0.24858117,0.18688735,0.0064811367,0.0805055,0.05973373,4.7770583e-05,0.0006190873,0.014847867,0.3436345875,0.037751798,0.9145584765,0.9862230400000002,0.9645722937168812,0.0354277062831188,0.21890627734952198,0.45240563858825733,0.6726110604117786,0.282531950798084,2,0.36260408781226344,0.6373959121877366,20-99
3084,(E)-3-[4-[(E)-3-(3-fluorophenyl)-3-oxoprop-1-enyl]-1-methylpyrrol-2-yl]-N-hydroxyprop-2-enamide; MC1568,23,0.25145596,0.024360456,0.15607835,0.21012916,0.19381517,0.020681702,0.14381135,0.05196731,0.00026397125,0.0010881216,0.010911751,0.3814488186956521,0.015300507,0.9010196269565216,0.99472374,0.9621498864496594,0.0378501135503406,0.19618681358109677,1.1037733911857097,1.0506062017643478,-0.04155911752170978,3,0.3514004542013626,0.6485995457986373,20-99
2252,2-(2-amino-3-methoxyphenyl)-4H-1-benzopyran-4-one; PD-98059,28,0.25028077,0.023182027,0.15225646,0.15891118,0.17013457,0.021893598,0.14796485,0.07178409,4.4752047e-05,0.0005663012,0.016497666,0.3370847489285714,0.016323067,0.9196850167857143,0.9956031,0.9612414837244512,0.0387585162755488,0.9566649091449398,0.6154161117074025,0.7844846153414371,1.0955179354028117,2,0.6293716881150644,0.3706283118849356,20-99
494,"4-[1-hydroxy-2-(propan-2-ylamino)ethyl]benzene-1,2-diol; Isoproterenol; isoprenaline",20,0.25020117,0.09717967,0.31173655,0.10536703,0.21264133,0.09565517,0.3092817,0.029855782,5.4781533e-05,0.0010643011,0.014982371,0.18251732625,0.0015499772,0.974716956,0.99970686,0.9610900832702498,0.0389099167297501,-0.029851438907921846,0.750239855649121,0.8661638734380007,-0.16242603802524275,4,0.24663133989401967,0.7533686601059804,20-99
1046,"4-N-(7-chloroquinolin-4-yl)-1-N,1-N-diethylpentane-1,4-diamine; Chloroquine; chloroquine",29,0.24878982,0.03170707,0.1780648,0.18931857,0.18770103,0.028353365,0.16838458,0.057254966,0.00025246988,0.0014507596,0.007087344,0.2299120210344827,0.0025299594,0.9570833386206896,0.9995603,0.9597274791824376,0.0402725208175624,0.4029878489032196,0.7836809627454224,0.8852575685897424,0.21071449605337927,4,0.43679031037093113,0.5632096896290688,20-99
776,Itraconazole; itraconazole,22,0.24348474,0.146066,0.38218582,0.117171995,0.19066115,0.11666753,0.3415663,0.047202285,0.0018206531,0.0012981319,0.010723357,0.2242211727272727,0.017608149,0.9711621168181818,0.9944306,0.9550340651021954,0.0449659348978046,0.30574862630396943,1.007863623852017,1.0039241125961749,0.15519240445144405,2,0.398334595003785,0.601665404996215,20-99
1084,E-7438; Tazemetostat,32,0.2422008,0.028264951,0.16812184,0.1871867,0.20155038,0.025094464,0.15841234,0.034657072,0.0002264337,0.001468734,0.011399225,0.3505387328125,0.006168901,0.9136045434375,0.9988275,0.9533686601059804,0.0466313398940196,0.06363670472480618,0.7327478073973468,0.8560068968164607,-0.03653813881851799,3,0.29038607115821347,0.7096139288417865,20-99
3742,SNS-314; Sns-314,20,0.24102196,0.0061715436,0.07855918,0.23536673,0.16012082,0.0059113153,0.07688508,0.07348393,0.00011877457,0.0005121663,0.014629562,0.3346458375,0.022466311,0.9224144325,0.9925253000000002,0.9507948523845572,0.0492051476154428,0.6866640328503935,1.3136051524641958,1.1461261503273519,0.354011093531555,2,0.5429220287660863,0.4570779712339137,20-99
2686,4-(4-Chloro-2-methylphenoxy)-N-hydroxybutanamide; 4-(4-chloro-2-methylphenoxy)-N-hydroxybutanamide; droxinostat,27,0.24078335,0.022051059,0.14849599,0.17367437,0.16843902,0.020534407,0.14329833,0.06686087,7.669877e-05,0.0009239584,0.010597384,0.3003633705555555,0.00273024,0.9309877125925924,0.9989741,0.9503406510219532,0.0496593489780469,0.6965437998348197,0.7034517955302918,0.8387203321312128,0.6493966826520158,3,0.5456472369417108,0.4543527630582892,20-99
1013,UNC-1999; Unc1999,22,0.23021878,0.018701086,0.1367519,0.21684474,0.18647362,0.01746604,0.13215914,0.036275316,9.323428e-05,0.0038919712,0.013382893,0.3363062509090909,0.018212829,0.9169058636363636,0.99384433,0.9362604087812264,0.0637395912187737,-0.05263084514369629,0.7971527169631881,0.8928340926304216,-0.2286875602721395,2,0.23391370174110523,0.7660862982588947,20-99
2502,"(2Z,4S,4aR,5S,5aR,6R,12aS)-2-[amino(hydroxy)methylene]-4-(dimethylamino)-5,10,11,12a-tetrahydroxy-6-methyl-4a,5,5a,6-tetrahydro-4H-tetracene-1,3,12-trione;ethanol;hydrate;hydrochloride; doxycycline",104,0.22759005,0.10521228,0.32436445,0.10243602,0.19592327,0.09334899,0.3055306,0.02568663,0.00050487864,0.0011144953,0.0115144765,0.2786884883173077,0.05166198,0.9501507921153846,0.9809468,0.9326267978803936,0.0673732021196064,-0.18321647821571557,0.9180531137592453,0.95815088256456,-0.3491847112689693,4,0.1772899318697956,0.8227100681302044,100+
24042,Fluoxetine,47,0.21972118,0.08592785,0.29313454,0.100889325,0.17565504,0.07486085,0.2736071,0.03651849,0.0005403803,0.0011453293,0.014637163,0.2186904217021276,0.005031245,0.9727691874468084,0.9985344000000002,0.9171839515518546,0.0828160484481453,0.12291376284566498,0.7769859965830043,0.8814680916420085,-0.09358806812793434,5,0.31960635881907645,0.6803936411809235,20-99
473,EPZ-5676; Pinometostat,32,0.21845573,0.018860558,0.13733374,0.16475064,0.14742137,0.017174263,0.1310506,0.067086145,0.00010596532,0.0008391678,0.0075607747,0.21427432653125,0.032943867,0.9667365446875,0.98959404,0.914004542013626,0.0859954579863739,0.3344367289336433,0.5136347763208293,0.7166831770879161,0.312536577431157,4,0.41029523088569264,0.5897047691143074,20-99
3503,Fludarabine; fludarabine,73,0.21588793,0.050967146,0.22575906,0.111113444,0.1830026,0.043907046,0.20954008,0.027610488,0.00048613554,0.0006705061,0.01028146,0.1939405634246575,0.010594493,0.9782264001369864,0.9975084,0.9087055261165784,0.0912944738834216,-0.09920733307208597,0.5695612596341566,0.7546928246870753,-0.16080844799148294,3,0.21453444360333082,0.7854655563966692,20-99
