compound_embedding_row_index,compound_name,n_profiles,mean_total_error,variance_total_error,std_total_error,median_total_error,mean_source_normalized_error_z,variance_source_normalized_error_z,source_normalized_predictability_score
5116,cisplatin,155,0.37180778,0.10779059,0.32831484,0.29919264,0.1898504074415257,0.8225391934225195,0.6507191521574565
2502,"(2Z,4S,4aR,5S,5aR,6R,12aS)-2-[amino(hydroxy)methylene]-4-(dimethylamino)-5,10,11,12a-tetrahydroxy-6-methyl-4a,5,5a,6-tetrahydro-4H-tetracene-1,3,12-trione;ethanol;hydrate;hydrochloride; doxycycline",104,0.22759005,0.10521228,0.32436445,0.10243602,-0.1832164782157155,0.9180531137592453,0.8227100681302044
4724,sorafenib,189,0.15451536,0.06340119,0.25179595,0.0873953,-0.2440072946604646,0.7102324020646198,0.8469341408024225
2028,Etoposide; etoposide,103,0.1521496,0.048846055,0.22101143,0.08175377,-0.4318129074355041,0.5962927641160626,0.9096139288417864
2533,"(1S,9R,11S,14S,15S)-15-methyl-9-[9-(4,4,5,5,5-pentafluoropentanesulfinyl)nonyl]tetracyclo[8.7.0.0^{2,7}.0^{11,15}]heptadeca-2(7),3,5-triene-5,14-diol; fulvestrant",282,0.13978419,1.3451962,1.1598257,0.04603409,-0.4847686145441878,2.37818738035331,0.927327781983346
639,4-Hydroxytamoxifen; tamoxifen,115,0.1379676,0.017660083,0.13289122,0.08963094,-0.2974769293858742,0.3536342487166855,0.8687358062074186
251,Dexamethasone Acetate; dexamethasone,334,0.13025668,0.04027573,0.20068817,0.06195986,-0.0399046087368631,0.8635461223698333,0.7585162755488266
3159,Ruxolitinib; ruxolitinib,110,0.12633547,0.008287371,0.091035,0.097079754,-0.2109667354920361,0.3553165045933561,0.834216502649508
2781,Linifanib; linifanib,113,0.119901545,0.009461561,0.09727056,0.088302985,-0.1725591485996033,0.548964582337828,0.817108251324754
99,Ibrutinib; ibrutinib,149,0.11938259,0.013496693,0.11617527,0.09527827,-0.1651206449746871,0.3701335666392855,0.8127176381529144
73,"calcitriol; trans-(1R,3S,5Z)-5-[(2E)-2-[(1S,3aS,7aR)-1-[(2R)-6-hydroxy-6-methylheptan-2-yl]-7a-methyl-2,3,3a,5,6,7-hexahydro-1H-inden-4-ylidene]ethylidene]-4-methylidenecyclohexane-1,3-diol",100,0.11835079,0.025513567,0.15972966,0.08806967,-0.2448018351211598,0.3695984341904861,0.8472369417108252
3546,5-Aza-2'-deoxycytidine; Decitabine,287,0.10919062,0.053823646,0.23199922,0.051823158,-0.3135987057260055,0.7971605742590182,0.8752460257380772
946,Pracinostat; SB-939,180,0.10668335,0.0103464555,0.101717524,0.084404334,-0.466579149904813,0.3388283785306924,0.9212717638152914
2071,GW-843682X; GW843682X,100,0.106568575,0.00061888294,0.024877356,0.10680011,0.0980680856884509,0.3325192673690761,0.6940196820590462
2495,Digoxin; digoxin,207,0.09943802,0.013662773,0.11688786,0.08056532,-0.4443591570370647,0.4515867902115567,0.9138531415594248
739,Romidepsin; romidepsin,131,0.09865426,0.0043163025,0.06569858,0.0859658,-0.3878638586591695,0.2811095048758172,0.8981074943224829
2000,Alisertib; alisertib,156,0.09855177,0.0020646325,0.045438237,0.090180315,-0.3603454238003405,0.2726528343243988,0.8894776684330052
1999,Tamatinib; fostamatinib,113,0.098121785,0.0004591117,0.02142689,0.095213294,-0.0977243720284047,0.2466758782149324,0.7848599545798638
3565,(E)-N-hydroxy-3-[4-[[2-hydroxyethyl-[2-(1H-indol-3-yl)ethyl]amino]methyl]phenyl]prop-2-enamide; Dacinostat,168,0.09612819,0.00242848,0.049279604,0.08650336,-0.3668572014283552,0.495405132533681,0.8909916729750189
2194,HMN-214; N-((4-Methoxyphenyl)sulfonyl)-N-(2-((1E)-2-(1-oxido-4-pyridinyl)ethenyl)phenyl)acetamide,103,0.094927855,0.00053181144,0.023061035,0.09239453,-0.1717581813340922,0.2857366907455242,0.8163512490537472
7751,A-443654,174,0.09268635,0.0005136562,0.022663983,0.09071925,-0.2237152000762357,0.2759820718609301,0.8384557153671461
2703,Tozasertib; tozasertib,187,0.09252294,0.00214645,0.046329796,0.08188844,-0.4485156710165532,0.398198493591498,0.9147615442846329
2757,SB-743921; Sb-743921,119,0.09246724,0.00046925925,0.021662388,0.091294646,-0.2287937780903899,0.2521280009833376,0.8402725208175624
1923,"(6-Chloro-9-(4-methoxy-3,5-dimethylpyridin-2-ylmethyl)-9H-purin-2-yl)amine; BIIB-021",113,0.09209053,0.00053963304,0.023230003,0.08969824,-0.2375259270124796,0.289939199407535,0.8440575321725965
2970,4-(2-Methyl-1-(1-methylethyl)-1H-imidazol-5-yl)-N-(4-(methylsulfonyl)phenyl)-2-pyrimidinamine; AZD-5438,201,0.09113574,0.0006344479,0.025188249,0.08798589,-0.2596792187032605,0.3409205763906929,0.853444360333081
6224,"9-(1-Methyl-4-pyrazolyl)-1-[1-(1-oxoprop-2-enyl)-2,3-dihydroindol-6-yl]-2-benzo[h][1,6]naphthyridinone; QL-XII-47",103,0.091103986,0.0006506662,0.025508162,0.08719608,-0.2603935148751496,0.3495961914266612,0.8535957607872824
2934,Taselisib; taselisib,137,0.08947323,0.00055070216,0.023467047,0.08673612,-0.2981935813864299,0.2958865828003329,0.86888720666162
3995,6-Bromoindirubin-3'-oxime; BRD-K04923131,108,0.08913316,0.0005341475,0.023111632,0.08806746,-0.3077480022202948,0.2895183336055675,0.8725208175624527
1828,"2-[5-[(3,5-dimethyl-1H-pyrrol-2-yl)methylidene]-4-methoxy-2-pyrrolylidene]indole; obatoclax",114,0.08848161,0.003297927,0.05742758,0.073970005,-0.6520961402652229,0.2023607062140731,0.9627554882664648
103,Canertinib; canertinib,114,0.088439286,0.00062268914,0.024953742,0.084672,-0.3221599081856274,0.3345644073446451,0.8775170325510977
