murcko_scaffold,n_compounds
c1ccccc1,32
O=C1C=CC2C(=C1)CCC1C3CCCC3CCC21,14
O=C1c2ccccc2C(=O)c2cc3c(cc21)CCCC3OC1CCCCO1,7
O=C1C=C2CCC3C4CCCC4CCC3C2CC1,6
c1ncc2ncn(C3CCCO3)c2n1,5
C=C1CCCCC1=CC=C1CCCC2CCCC12,5
O=c1ncccn1C1CCCO1,4
O=c1ccn(C2CCCO2)c(=O)[nH]1,4
O=C1Cc2cc3n(c(=O)c2CO1)Cc1cc2ccccc2nc1-3,4
O=C1C=CC2C(=C1)CCC1C2CCC2C1CC1OCOC12,3
O=C1CCOC2CCC3CCCCC3C12,3
O=C1C=C2CCCCCCC=CCCC=CC=CC(=O)NC(=C1)C2=O,3
O=C(CCc1ccccc1)OC1C=C2CC(=O)C3CCC4OCC4C3C(OC(=O)c3ccccc3)C(C2)C1,3
C1=CC2CCC3Nc4ccc(C5CC6CCCN(CCc7c5[nH]c5ccccc75)C6)cc4C34CCN(C1)C24,3
c1ccc(-c2ccc3c(N4CCOCC4)nc(N4CCOCC4)nc3n2)cc1,3
C1CC2CCOC3OC4CCC(C1)C23OO4,3
O=C1C=CC2C(=O)C3=Cc4ccccc4CC3CC2C1,3
c1ccc(Nc2ncnc3ccccc23)cc1,3
O=C1CCC=CCC(=O)CC(CCC2CCCCC2)OC(=O)C2CCCCN2C(=O)C(=O)C2CCCC(CCC=CC=CC=CCCC1)O2,3
O=C(NCCc1ccccc1)C(Nc1ccccc1)c1cccs1,3
c1ccc2c(c1)CCC1C2CCC2CCCC21,3
c1ccc2[nH]cnc2c1,3
c1ccc2c(c1)Nc1ccccc1S2,3
c1ccc2c(c1)Sc1ccccc1N2CCCN1CCNCC1,2
c1ccc(Nc2nccc(-c3cn(C4CC4)c4ccccc34)n2)cc1,2
O=C1C=C2CCC3C(CCC4C3CC3OCOC34)C2CC1,2
c1ccc(Nc2nccc(-c3c[nH]c4ccccc34)n2)cc1,2
c1ccc2c(c1)CCNC2CC1CCN2CCc3ccccc3C2C1,2
c1ccc(Nc2ccccc2)cc1,2
O=C1COc2ccc(Nc3ccnc(Nc4ccccc4)n3)nc2N1,2
O=C(NCc1ccccc1)C1CCN(c2ncnc3[nH]ccc23)CC1,2
S=c1[nH]cnc2nc[nH]c12,2
C=C1CC=CC1=O,2
O=C1C=C2C3CCCCC3CCC2C2CCC3CC(OC4OCCCC4OC4CCCCO4)CCC3C12,2
O=C1C=C(C2CCC3C2CCC2C4CCCCC4CCC23)CO1,2
c1ccc(CNc2ncnc3[nH]cnc23)cc1,2
c1ccc(COc2cncc(-c3cnn(C4CCNCC4)c3)c2)cc1,2
O=c1c(-c2ccccc2)coc2cc(OC3CCCCO3)ccc12,2
O=C1CC2=CCC3C4CCCC4CC(=O)C3C2CC1=O,2
O=c1cc(-c2ccccc2)oc2ccccc12,2
O=C1C=C(C2CCC3C2CCC2C4CCC(OC5CCCCO5)CC4CCC23)CO1,2
O=C1CCCC(CCC2CC=CC3=CCCCC32)O1,2
O=C1CC=CCCCCC2CCCC(O2)C(=O)C(=O)N2CCCCC2C(=O)OC(C=CC2CCCCC2)CCC1,2
c1ccc(Nc2ncc3c(n2)-c2ccccc2C(c2ccccc2)=NC3)cc1,2
O=C(Nc1ccccc1)C1(C(=O)Nc2ccc(Oc3ccnc4ccccc34)cc2)CC1,2
c1ccc2c(c1)ncc1nc[nH]c12,2
C(=C(c1ccccc1)c1ccccc1)c1ccccc1,2
O=c1n(-c2ccc(Oc3ccccc3)cc2)c2cncnc2n1C1CCNC1,2
C(=Cc1ccccc1)c1ccccc1,2
O=C(Nc1ccccc1)c1ccccc1,2
c1ccc(Nc2ccnc(Nc3ccc(N4CCCCC4)cc3)n2)cc1,2
c1ccc(-c2nc(-c3ccccc3)c(-c3ccncc3)[nH]2)cc1,2
c1nc(NC2CCCNC2)c2cc[nH]c2n1,2
O=C1c2ccccc2C(=O)c2ccccc21,2
O=C1Nc2ccccc2C1=Cc1ccc[nH]1,2
O=C(Nc1cncc(Nc2nccc(-c3cccnc3)n2)c1)c1ccc(CN2CCNCC2)cc1,2
O=C(Nc1cnn2ccc(N3CCCC3c3ccccc3)nc12)N1CCCC1,2
O=S(=O)(Nc1ccccc1)c1ccccc1,2
O=C1NCc2c1c1c3ccccc3n3c1c1c2c2ccccc2n1C1CCCC3O1,2
C1=CC23CCCN2CCc2cc4c(cc2C3C1)OCO4,2
c1ccc(-c2ccccc2)cc1,2
O=C1C=C(C2CCC3C2CCC2C4CCC(OC5CCC(OC6CCC(OC7CCCCO7)CO6)CO5)CC4CCC23)CO1,2
c1ccc2ncccc2c1,2
O=C(Cc1cc(Nc2ncnc3ccccc23)n[nH]1)Nc1ccccc1,2
c1ccc(-c2cccc(C34CC5CC(CC(C5)C3)C4)c2)cc1,2
O=c1ncncn1C1CCCO1,2
O=C1CCC(N2Cc3ccccc3C2=O)C(=O)N1,2
O=C(Cc1ccccc1)N1CCN(c2ncnc3c2CCC3)CC1,2
O=C(Nc1ccccc1)C1CCCCN1,2
c1ccncc1,2
O=C1NC(=O)c2cccc3cccc1c23,2
c1ccc2ccccc2c1,2
C1CCCCC1,2
c1ccc(-c2ccc(Cc3cccc(C4CCCCO4)c3)s2)cc1,2
c1c2c(cc3c1OCO3)C1NCc3c(ccc4c3OCO4)C1CC2,1
S=C(NCc1ccc2c(c1)OCO2)N1CCN(c2ncnc3c2oc2ccccc23)CC1,1
S=c1[nH]cc[nH]1,1
O=c1oc2cccc3c(=O)oc4cccc1c4c23,1
c1cc(-c2cc(N3CCOCC3)nc3c(-c4ccn[nH]4)nccc23)[nH]n1,1
c1c[nH]cn1,1
c1c[nH+]cc(CNc2cc(N3CCCCC3)nc3ccnn23)c1,1
C(#Cc1nn(C2CCNC2)c2ncncc12)c1ccccc1,1
c1cc(-c2ccc3ccccc3c2)cc(C23CC4CC(CC(C4)C2)C3)c1,1
c1cc(-c2nc(C3CC3)cc(N3CCOCC3)n2)c2cc[nH]c2c1,1
c1ccc(-c2cc3c(-c4c[nH]nc4-c4ccccc4)ccnc3[nH]2)cc1,1
c1ccc(-c2cc3ccccc3n2Cc2ccc(OCCN3CCCCCC3)cc2)cc1,1
c1ccc(-c2cc3nccnc3[nH]2)cc1,1
c1ccc(-c2ccc(CNc3nc(-c4ccccn4)nnc3-c3ccccc3)cc2)cc1,1
c1ccc(-c2ccc(Cc3nnn[nH]3)cc2)cc1,1
c1ccc(-c2ccc3ccc(-c4nc(C5CCC5)n5ccncc45)cc3n2)cc1,1
c1ccc(-c2ccc3ccc(C45CC6CC(CC(C6)C4)C5)cc3c2)cc1,1
c1ccc(-c2cccc(-c3cncc4sccc34)c2)cc1,1
c1ccc(-c2ccccn2)cc1,1
c1ccc(-c2ccno2)cc1,1
c1ccc(-c2cnc(-c3ccccn3)nn2)cc1,1
c1ccc(-c2cnc(NCc3ccco3)n3cnnc23)cc1,1
c1ccc(-c2cnc3ccc(NCC4CCNCC4)nn23)cc1,1
c1ccc(-c2cnc3ncc(Cc4ccc5ncccc5c4)n3n2)cc1,1
c1ccc(-c2cncc(-c3cccnc3)c2)cc1,1
c1ccc(-c2cc(Oc3cccc4scnc34)ncn2)cc1,1
c1ccc(-c2cc(C3CC3)nc3ccccc23)cc1,1
c1ccc(-c2c[nH]c3ccccc23)cc1,1
c1cc(Nc2ncc3c(n2)-c2[nH]ncc2CC3)cc(N2CCNCC2)c1,1
c1cc(C2CCN(C3=Nn4cnnc4CC3)CC2)ccc1OCCN1CCNCC1,1
c1cc(N2CCC(N3CCNCC3)CC2)ccc1Nc1cncc(NC2CCOCC2)n1,1
c1cc(N2CCNCC2)ccc1Nc1ncc2c(n1)-c1[nH]ncc1CC2,1
c1cc(NC2CC2)nc(Nc2ccc(N3CCNCC3)cc2)n1,1
c1cc(NC2CCC2)nc(Nc2ccc3c(c2)C2CCC3N2)n1,1
c1cc(NCCc2c[nH]c3ccccc23)cc(Nc2ccncc2)c1,1
c1cc(Nc2ncc3ccn(C4CCCC4)c3n2)ncc1N1CCNCC1,1
c1ccc(-c2c[nH]c(C3CCN(c4ncnc5[nH]ncc45)CC3)n2)cc1,1
c1cc2c(Oc3ccc4[nH]ccc4c3)ncnn2c1,1
c1cc2c(cc1OC1CCCC1)CCC1C2CCC2CCCC21,1
c1cc2cc(c1)Oc1ccc(cc1)CC1NCCc3cc4c(c(c31)Oc1ccc3c(c1)C(C2)NCC3)OCO4,1
c1cc2cc(c1)Oc1ccc(cc1)CC1NCCc3ccc(cc31)Oc1cccc3c1C(C2)NCC3,1
O=c1nc(-c2cccc(S(=O)(=O)N3CCNCC3)c2)[nH]c2cn[nH]c12,1
c1ccc(-c2c(-c3ccc(C4CCC4)cc3)nc3cccnn23)cc1,1
c1ccc(-c2[nH]cnc2-c2ccc3nccnc3c2)nc1,1
O=c1ccc(C2CCC3C2CCC2C4CCC(OC5CCCCO5)C=C4CCC23)co1,1
O=c1ccnc[nH]1,1
O=S(=O)(c1cccc2cnccc12)N1CCCNCC1,1
O=c1[nH]c2cnc3ccc(-c4ccc(OCCCN5CCCCC5)nc4)cc3c2[nH]1,1
O=c1[nH]c2cnc(Nc3ccc4ncnn4c3)nc2n1C1CCOCC1,1
O=c1[nH]c2ccccc2n1C1CCN(Cc2ccc(-c3nc4cc5[nH]cnc5cc4nc3-c3ccccc3)cc2)CC1,1
O=c1[nH]c2ccccc2cc1-c1nc2ccc(N3CCNCC3)cc2[nH]1,1
O=c1[nH]c2ccccc2c2ccccc12,1
O=c1[nH]c2cccc(-c3ccccc3)c2c2ccsc12,1
O=c1[nH]c2c3cc4c(cc3ncc2c2ccccc12)OCO4,1
O=c1[nH]c(=O)c2c[nH]nc2[nH]1,1
O=[PH]1OCC2OC(n3cnc4cncnc43)CC2O1,1
O=S1(=O)Nc2c(ccc3cccnc23)-c2ccccc21,1
O=S1(=O)NCCC(CNCc2ccc(-c3ccccc3)cc2)Oc2ccccc21,1
O=S1(=O)CCCc2ccsc21,1
O=S(Cc1ccccn1)c1nc2ccccc2[n-]1,1
O=S(=O)(c1ccccc1)n1cccc1,1
O=S(=O)(Nc1nc(-c2ncccn2)ncc1Oc1ccccc1)c1ccccc1,1
O=c1[nH]c2cnc3ccc(-c4cnc5ccccc5c4)cc3c2n1-c1ccccc1,1
O=S(=O)(Nc1cnccc1-c1ccc2nccc(-c3ccnnc3)c2c1)c1ccccc1,1
O=S(=O)(Nc1cccnc1Nc1ccccc1)c1ccccc1,1
O=S(=O)(Nc1ccccc1Nc1ccccc1)C1CC1,1
O=S(=O)(Nc1ccccc1C=Cc1cc[nH+]cc1)c1ccccc1,1
O=S(=O)(Nc1cc(Sc2cccc3cccnc23)cc2ccccc12)c1ccccc1,1
O=S(=O)(NN=Cc1cnc2ccccn12)c1ccccc1,1
O=S(=O)(NC1CCCC(N2c3ccccc3Oc3ccccc32)C1)c1ccccc1,1
O=S(=O)(C=Cc1ccccc1)Cc1ccccc1,1
O=C1c2ccccc2C(=O)c2cc3c(cc21)CCCC3OC1CCC(OC2CCCCO2)CO1,1
O=C1c2ccccc2C(=O)c2c1[nH]c[n+]2Cc1cnccn1,1
O=C1c2ccccc2-c2n[nH]c3cccc1c23,1
O=C1c2ccccc2-c2c1cnc1ccccc21,1
O=C1c2cc3ccc(OC4CC(OC5CCCCO5)CCO4)cc3cc2CCC1OC1CC(OC2CC(OC3CCCCO3)CCO2)CCO1,1
O=C1c2cc(-c3ccnc(Nc4ccn[nH]4)n3)sc2CN1CCN1CCOCC1,1
O=c1[nH]c2cnc3ccc(-c4cccnc4)cc3c2n1-c1ccc(N2CCNCC2)cc1,1
O=c1[nH]cc(-c2cccc(-n3ccc4cc(C5CC5)ccc4c3=O)c2)cc1Nc1ccc(N2CCNCC2)cn1,1
O=c1ccn(C2CCC(CCC3CCCC(OC4CCCCO4)O3)O2)c(=O)[nH]1,1
O=c1cc(N2CCOCC2)oc2c(-c3cccc4c3sc3ccccc34)cccc12,1
O=c1ccn(C2CC2)c2cc(N3CC4CCCNC4C3)ccc12,1
O=c1cccc(Nc2ccccc2)[nH]1,1
O=c1ccc2cnc3ccc(-c4cnc5ccccc5c4)cc3c2n1-c1ccc(N2CCNCC2)cc1,1
O=c1ccc2cnc3ccc(-c4cn[nH]c4)cc3c2n1-c1ccccc1,1
O=c1ccc2cnc3ccc(-c4cn[nH]c4)cc3c2n1-c1ccc2c(c1)NCC2,1
O=c1ccc2cnc3ccc(-c4cccnc4)cc3c2n1-c1ccccc1,1
O=c1ccc2cnc3ccc(-c4ccccc4)cc3c2n1-c1ccc(N2CCNCC2)cc1,1
O=c1ccc2ccccc2[nH]1,1
O=c1ccc2c(CCNC3Cc4ccccc4C3)cccc2[nH]1,1
c1ccc(-c2cncnc2)cc1,1
O=c1ccc(C2CC3OC34C2CCC2C3CCCCC3CCC24)co1,1
O=c1cc[nH]c(=S)[nH]1,1
O=c1cc(Nc2ccccc2)c2c(=O)[nH]cnc2[nH]1,1
O=c1cc(N2CCOCC2)oc2c(-c3ccccc3)cccc12,1
O=c1cc(N2CCOCC2)nc2c(CNc3ccccc3)cccn12,1
O=c1[nH]cnc2[nH]cc(CCc3ccccc3)c12,1
O=c1cc(-c2ccccc2)oc2cc(OC3CCCCO3)ccc12,1
O=c1c2ccccc2sc2ccccc12,1
O=c1c2ccccc2nc2n1CCc1c-2[nH]c2ccccc12,1
O=c1c2ccccc2nc(CNc2ncnc3[nH]cnc23)n1-c1ccccc1,1
O=c1c2cc(-c3ccccc3)sc2n(Cc2ccccc2)c(=O)n1-c1cccnn1,1
O=c1c(OC2CCCC(COC3CCCCO3)O2)c(-c2ccccc2)oc2ccccc12,1
O=c1c(-c2ccccc2)cn(Cc2ccccc2)c(=O)n1CCc1ccccc1,1
O=c1[nH]ncn1-c1ccc(N2CCN(c3ccc(OCC4COC(Cn5cncn5)(c5ccccc5)O4)cc3)CC2)cc1,1
O=c1[nH]ncn1-c1ccc(N2CCN(c3ccc(OCC4COC(Cn5cncn5)(c5ccccc5)C4)cc3)CC2)cc1,1
O=c1[nH]nc2c3c(cccc13)NC(c1ccccc1)C2c1ncn[nH]1,1
O=c1[nH]nc(CN2CCOC(OCc3ccccc3)C2c2ccccc2)[nH]1,1
O=c1[nH]nc(-c2ccccc2)n1-c1ccc2[nH]ccc2c1,1
O=c1[nH]cnc2ncc(CNc3ccccc3)nc12,1
O=c1[nH]cnc2ccc(CNc3cccs3)cc12,1
c1ccc(-c2cnccc2-c2ccc(N3CCOCC3)cc2)cc1,1
c1ccc(C(OC2CC3CCC(C2)N3)c2ccccc2)cc1,1
c1ccc(-c2cscn2)cc1,1
c1ccc2[nH]c(C3CCCN3)nc2c1,1
c1ccc2[s+]c3ccccc3nc2c1,1
c1ccc2c(-c3ccnc(Nc4ccc(N5CCC(N6CCNCC6)CC5)cc4)n3)c[nH]c2c1,1
c1ccc2c(-c3ccnc(Nc4ccc(N5CCCCC5)cc4)n3)c[nH]c2c1,1
c1ccc2c(-c3ccncc3)c[nH]c2c1,1
c1ccc2c(-c3nc4c5cccnc5c5ncccc5c4[nH]3)c[nH]c2c1,1
c1ccc2c(CC3CC4CCN3CC4)ccnc2c1,1
c1ccc2c(CC3CCCCN3)ccnc2c1,1
c1ccc2c(CC3CCCN3)c(-c3[nH]c4ccccc4c3CC3CCCN3)[nH]c2c1,1
c1ccc2c(CCCOc3cncc(-c4ccc5n[nH]cc5c4)c3)c[nH]c2c1,1
c1ccc2c(N3CCc4c(nc(OCC5CCCN5)nc4N4CCNCC4)C3)cccc2c1,1
c1ccc2c(Oc3nc(Nc4ccc(N5CCOCC5)cc4)c4ncn(C5CCCCC5)c4n3)cccc2c1,1
c1ccc2c(c1)C1CCC2c2ccccc21,1
c1ccc2c(c1)CC1NCCc3cccc-2c31,1
c1ccc2c(c1)CCC(CCNCCCc1nc3ccccc3[nH]1)C2,1
c1ccc2c(c1)CCC2Nc1ncnc2c1ccn2C1CCCC1,1
c1ccc2[nH]c(CCC3CC(NCC4CCC(n5cnc6cncnc65)O4)C3)nc2c1,1
c1ccc(Sc2ccc3nc[nH]c3c2)cc1,1
c1ccc(Nc2ncnc3cc(OC4CCOC4)ccc23)cc1,1
c1ccc(Oc2ncnc3[nH]c(-c4ccccc4)cc23)cc1,1
c1ccc(Nc2ncnc3ccc(OCCN4CC5(CC5)C5(C4)OCCO5)cc23)cc1,1
c1ccc(Nc2ncnc3cnc(NC4CCNCC4)nc23)cc1,1
c1ccc(OC2CCC(Cc3cccc(Nc4nccs4)n3)CC2)cc1,1
c1ccc(OC2CCCCO2)cc1,1
c1ccc(OC2CCN(c3ccc(OCC4Cn5ccnc5O4)cc3)CC2)cc1,1
c1ccc(OCCCCCOc2ccccc2)cc1,1
c1ccc(OCCNCCCOc2cccc3[nH]c4ccccc4c23)cc1,1
c1ccc(OCCNCCc2ccc3c(c2)CCN3)cc1,1
c1ccc(Oc2ccc(-c3nn(C4CCCNC4)c4ncncc34)cc2)cc1,1
c1ccc(Oc2ccc(Oc3ccccn3)cc2)nc1,1
c1ccc(Oc2cccc3c2CCC3)cc1,1
c1ccc(Oc2ccccc2)cc1,1
c1ccc(Oc2ccnc(Nc3ccc(N4CCNCC4)cc3)n2)cc1,1
c1ccc(Oc2nc3cc(-c4ccc(-c5ccccc5)cc4)ccc3[nH]2)cc1,1
c1ccc(Oc2nc3cc(-c4ccc5[nH]ccc5c4)ccc3[nH]2)cc1,1
c1ccc2c(c1)CC[n+]1cc3ccccc3cc1-2,1
c1ccc2c(c1)CCc1ccccc1N2,1
c1ccc2c(c1)N=c1ccccc1=C(N1CCNCC1)N2,1
c1ccc2c(c1)N=c1sccc1=C(N1CCNCC1)N2,1
c1cncc(Oc2ccc(Nc3ncnc4ccccc34)cc2)c1,1
c1cnccn1,1
c1coc(-c2nc3c4ccccc4ncn3n2)c1,1
c1csc(COc2cccc3ccccc23)c1,1
c1csc(Sc2nncn2-c2ccc3c(c2)OCCO3)n1,1
c1n[nH]c(-c2cn3c(n2)-c2ccc(-c4cn[nH]c4)cc2OCC3)n1,1
c1nc(-c2cnn(C3CNC3)c2)c2cc[nH]c2n1,1
c1nc(-c2cnn(CC3CCCC3)c2)c2cc[nH]c2n1,1
c1nc(Nc2ccc(Oc3ccn4ncnc4c3)cc2)c2cc(NC3=NCCO3)ccc2n1,1
c1nc2nc[nH]c(Sc3cnc[nH]3)c-2n1,1
c1ncc(-c2nc(N3CCOCC3)c3sc(CN4CCNCC4)cc3n2)cn1,1
c1ncc(-c2nc(N3CCOCC3)nc3[nH]cnc23)cn1,1
c1ncc2[nH]cnc2n1,1
c1ncc2ccn(C3CCCO3)c2n1,1
c1ncc2nc(Sc3ccc4c(c3)OCO4)[nH]c2n1,1
c1cncc(CNc2ccc(Cc3c[nH]c4ncccc34)cn2)c1,1
c1cncc(CCNc2nccc(Cc3nc4ccccc4s3)n2)c1,1
c1cncc(-c2ncn(-c3ccc(Nc4nccc(-c5cccc(N6CCOCC6)c5)n4)cc3)n2)c1,1
c1ccc2c[n+]3c(cc2c1)-c1cc2c(cc1CC3)OCO2,1
c1ccc2c(c1)[nH]c1cc3ccncc3cc12,1
c1ccc2c(c1)c1ccccc1n2CCCN1CCNCC1,1
c1ccc2c(c1)ccc[n+]2CCCCCCCCCC[n+]1cccc2ccccc21,1
c1ccc2c(c1)ncc1nccn12,1
c1ccc2c(c1)ncn2-c1nc(N2CCOCC2)nc(N2CCOCC2)n1,1
c1ccc2c3c([nH]c2c1)CNCC3,1
c1ccc2cnccc2c1,1
c1cncc(-c2nc(N3CCOCC3)nc(N3CCOCC3)n2)c1,1
c1ccc2nc3ccccc3cc2c1,1
c1ccc2sc(Cc3ccnc(OCc4ccc(CN5CCOCC5)cc4)n3)nc2c1,1
c1ccc2scnc2c1,1
c1cnc(CNc2nccc(Nc3ccn[nH]3)n2)nc1,1
c1cnc(N2CCC(CNCc3c[nH]c4ccccc34)CC2)nc1,1
c1cncc(-c2cc(N3CCOCC3)nc(N3CCOCC3)n2)c1,1
c1ccc(Nc2ncnc3cc(OCCCN4CCOCC4)ccc23)cc1,1
c1ccc(Nc2ncnc3[nH]cnc23)cc1,1
c1ccc(-c2n[nH]cc2-c2ccc3c(c2)OCCO3)cc1,1
c1ccc(C2=Nn3c(nnc3-c3ccccc3)SC2)cc1,1
c1ccc(C2CC2)cc1,1
c1ccc(C2CCCc3ccccc32)cc1,1
c1ccc(C2CCN(CCC(c3ccccc3)c3ccccc3)CC2)cc1,1
c1ccc(C2CCNCC2COc2ccc3c(c2)OCO3)cc1,1
c1ccc(C2NCCc3c2[nH]c2ccccc32)cc1,1
c1ccc(C2OCc3ccccc32)cc1,1
c1ccc(CC2CCCN2)cc1,1
c1ccc(CCCCNCCc2ccccc2)cc1,1
c1ccc(CCCCNCc2ccc(-c3ccccn3)cc2)cc1,1
c1ccc(CCCCOCCCCCCNCCc2ccccc2)cc1,1
c1ccc(CCCNCc2cccc3ccccc23)cc1,1
c1ccc(CCNCCCCCCOCCOCc2ccccc2)cc1,1
c1ccc(CCc2cnc3ncncc3n2)cc1,1
c1ccc(CNCCc2c[nH]c3ccccc23)cc1,1
c1ccc(CNc2ccccc2)cc1,1
c1ccc(C2CC(c3ccc4c(c3)OCO4)CN2)cc1,1
c1ccc(C2=NCc3nncn3-c3sccc32)cc1,1
c1ccc(Nc2nccc(Oc3ccc4[nH]ccc4c3)n2)cc1,1
c1ccc(C2(c3ccc(-c4cn[nH]c4)cc3)CCNCC2)cc1,1
c1ccc(-c2n[nH]cc2-c2ccncn2)cc1,1
c1ccc(-c2nc(-c3ccc4c(c3)OCCO4)c(-c3ccccn3)[nH]2)cc1,1
c1ccc(-c2nc(-c3ccc4c(c3)OCO4)c(-c3ccccn3)[nH]2)cc1,1
c1ccc(-c2nc(N3CC4CCC(C3)O4)c3cnn(C4CCC5(CC4)OCCO5)c3n2)cc1,1
c1ccc(-c2nc(Nc3ccc4[nH]ncc4c3)c3ccccc3n2)cc1,1
c1ccc(-c2nc3c(c(N4CCOCC4)n2)CCN(C2COC2)C3)cc1,1
c1ccc(-c2nc[nH]c2-c2ccc3nc[nH]c3n2)cc1,1
c1ccc(-c2nccc(NCc3cccnc3)n2)cc1,1
c1ccc(-c2ncn(-c3ncnc4ccccc34)n2)nc1,1
c1ccc(-c2ncn(C3CCCCC3)c2-c2ccncn2)cc1,1
c1ccc(-n2ccc(CCc3ccc4ccccc4[nH+]3)c2)cc1,1
c1ccc(-n2ncc3c(-n4cnc(-c5cn[nH]c5)c4)ccnc32)cc1,1
c1ccc(C(Cc2ccncn2)Cn2cncn2)cc1,1
O=C1OCC2C3=C(C(=O)c4occ1c42)C1CCC(=O)C1CC3,1
c1ccc(C2(Cn3ccnc3)OCC(COc3ccc(N4CCNCC4)cc3)O2)cc1,1
c1ccc(CNc2nc(-c3ccccn3)nnc2-c2ccccc2)cc1,1
c1ccc(CNc2ncnc3ccc(OC4CCOC4)cc23)cc1,1
c1ccc(COC(Cn2cc[n+](C(c3ccccc3)c3ccccc3)c2)c2ccccc2)cc1,1
c1ccc(COc2ccc(Nc3ccnc4ccccc34)cc2)nc1,1
c1ccc(Nc2cc(Nc3ccccn3)nc3[nH]ccc23)cc1,1
c1ccc(Nc2ccc3ncc(-c4cn[nH]c4)nc3c2)cc1,1
c1ccc(Nc2cccnc2)cc1,1
c1ccc(Nc2ccnc(Nc3ccc(C4CCNCC4)cc3)n2)cc1,1
c1ccc(Nc2ccnc(Nc3ccc(N4CCNCC4)cc3)n2)cc1,1
c1ccc(Nc2ccnc(Nc3ccc(OCCN4CCCC4)cc3)n2)cc1,1
c1ccc(Nc2ccnc(Nc3ccc(Oc4ccncc4)cc3)n2)cc1,1
c1ccc(Nc2ccnc(Nc3ccc4c(c3)CCCC(N3CCNCC3)C4)n2)cc1,1
c1ccc(Nc2ccnc(Nc3ccccc3)n2)cc1,1
c1ccc(Nc2ccnc3ccccc23)cc1,1
c1ccc(Nc2nc(NC3CCCCC3)nc3[nH]cnc23)cc1,1
c1ccc(Nc2nc3cc(Oc4ccnc(-c5ncc[nH]5)c4)ccc3[nH]2)cc1,1
c1ccc(Nc2nccc(-c3cnc[nH]3)n2)cc1,1
c1ccc(Nc2nccc(NCc3cnccn3)n2)cc1,1
c1ccc(Nc2nccc(Nc3ccc4c[nH]nc4c3)n2)cc1,1
c1ccc(NCc2cnc3ncncc3n2)cc1,1
c1ccc(NCCNc2ncc(-c3ncc[nH]3)c(-c3ccccc3)n2)cc1,1
c1ccc(NC2=NCCN2)cc1,1
c1ccc(CSc2nnc(-c3ccncc3)o2)cc1,1
c1ccc(COc2ccc(Nc3ncnc4ccc(-c5ccco5)cc34)cc2)cc1,1
c1ccc(COc2ccc3[nH]c4cnccc4c3c2)cc1,1
c1ccc(COc2ccccc2)cc1,1
c1ccc(COc2ccccc2OCc2ccccc2)cc1,1
c1ccc(COc2csc(-n3cnc4ccc(CN5CCNCC5)cc43)c2)cc1,1
c1ccc(COc2csc(-n3cnc4ccccc43)c2)cc1,1
c1ccc(Cc2c3ccccc3nc3ccccc23)cc1,1
c1ccc(N=Nc2ccccc2)cc1,1
c1ccc(Cc2cccc(C3CCCCO3)c2)cc1,1
c1ccc(Cc2ccccc2)cc1,1
c1ccc(Cc2ccccc2OCCN2CCCCC2)cc1,1
c1ccc(Cc2cnc3c(CN4CCOCC4)cc(Nc4ccn[nH]4)nn23)cc1,1
c1ccc(Cn2ccc3ccccc32)cc1,1
c1ccc(Cn2cnc3cncnc32)nc1,1
O=C1OCc2ccccc21,1
O=C1NCCc2c(-c3ccccc3)[nH]c3cccc1c23,1
O=C1OCC2C(OC3CCC4OCOCC4O3)c3cc4c(cc3C(c3ccccc3)C12)OCO4,1
O=C(CNC(=O)c1ccc2ccccc2n1)NC(CCN1CCC2CCCCC2C1)Cc1ccccc1,1
O=C(CNC(=O)c1ccccc1)NCB1OCCC(=O)O1,1
O=C(CNC(=O)c1cncs1)NCC(=O)NC(Cc1ccccc1)C(=O)C1CO1,1
O=C(COc1ccccc1)NC(CCC(Cc1ccccc1)NC(=O)CN1CCCNC1=O)Cc1ccccc1,1
O=C(NC(CCN1CCC2CCCCC2C1)CSc1ccccc1)c1ccccc1,1
O=C(NC1C(=O)N2CCSC12)c1conc1-c1ccccc1,1
O=C(NC1CC2CCC(C1)N2c1ccc(C(=O)C2CC2)cn1)c1ccccc1,1
O=C(NC1CCCCC1)C(Nc1ccccc1)c1cccnc1,1
O=C(NC1CCNCC1)c1cc(-c2ccccc2)c2c(c1)[nH]c1ncccc12,1
O=C(NC1Cc2nc(cs2)-c2ccc3[nH]c(-c4cncc(N5CCNCC5)c4)c(c3c2)CCCOC(=O)C2CCCN(N2)C1=O)C1CC1,1
O=C(NCC1CC1)c1cc(-c2cnn3cc(-c4ccccc4)cnc23)cs1,1
O=C(NCC1CNC2Cc3c[nH]c4cccc(c34)C2C1)OCc1ccccc1,1
O=C(NCCCNc1ccnc(Nc2cccc(NC(=O)N3CCCC3)c2)n1)c1cccs1,1
O=C(NCCN1CCC2(CC1)C(=O)NCN2c1ccccc1)c1ccc2ccccc2c1,1
O=C(NCCOc1ccccc1)c1cc2ccccc2o1,1
O=C(NCCc1ccccc1)c1cc(-c2ccn[nH]2)cs1,1
O=C(CNC(=O)c1ccccc1)NCB1OCC(=O)O1,1
O=C(CNC(=O)NCc1cscn1)NC(CCC(Cc1ccccc1)NC(=O)OCc1cncs1)Cc1ccccc1,1
O=C(Nc1cccc(NC(=O)c2ccno2)c1)c1cccc(-n2ccnc2)c1,1
O=C(CNC(=O)CNC(=O)C(Cc1ccccc1)NC(=O)CNC(=O)C(Cc1c[nH]c2ccccc12)NC(=O)C(Cc1cnc[nH]1)NC(=O)C1CCC(=O)N1)NCC(=O)N1CCCC1,1
O=C(CCC=CCc1ccc2c(c1)C(=O)OC2)OCCN1CCOCC1,1
O=C(CCCCC=Cc1c(C2CC2)nc2ccccc2c1-c1ccccc1)[O][Ca][O]C(=O)CCCCC=Cc1c(C2CC2)nc2ccccc2c1-c1ccccc1,1
O=C(CCCCCCCn1cc(-c2cccnc2)nn1)Nc1ccccc1-c1ccccc1,1
O=C(CCCCCNC(=O)c1ccccc1)Nc1ccccc1,1
O=C(CCCCCc1ccccc1)CC1CCC(C2CCCCO2)O1,1
O=C(CCCN1CCC2C(C1)c1cccc3c1N2CCN3)c1ccccc1,1
O=C(CCCNC(=O)C(NC(=O)c1ccncn1)C(OC1OCCCC1OC1CCCCO1)c1c[nH]cn1)NCC(=O)NCCc1nc(-c2nccs2)cs1,1
O=C(CCCOc1cc(=O)[nH]c2ccccc12)Nc1ccccn1,1
O=C(CCc1c[nH]c2ccccc12)NCC(=O)NCC(=O)NC1COC(=O)C(CC(=O)c2ccccc2)NC(=O)CNC(=O)CNC(=O)CNC(=O)CNC(=O)CNC(=O)CNC(=O)CNC(=O)CNC1=O,1
O=C(CCc1c[nH]c2ccccc12)NCC(=O)NCC(=O)NCCc1ccccc1,1
O=C(CCc1ccccc1)NC1COC(n2cnc3cncnc32)C1,1
O=C(CCc1ccccc1)NCC(=O)NCCc1ccccc1,1
O=C(CN1CCNCC1)Nc1ccc(-c2cccc3c(=O)cc(N4CCOCC4)oc23)c2sc3ccccc3c12,1
O=C(CN1CCNCC1)Nc1ccc(NC(=C2C(=O)Nc3ccccc32)c2ccccc2)cc1,1
O=C(CN1CCOCC1)NC(CCc1ccccc1)C(=O)NCC(=O)NC(Cc1ccccc1)C(=O)NCC(=O)C1CO1,1
O=C(NCCc1ccccc1)c1cnccn1,1
O=C(NCCn1ccc(-c2ccccc2)n1)c1cc[nH]n1,1
O=C(NCNC(=S)Nc1ccccc1)C(c1ccccc1)c1ccccc1,1
O=C(NCc1ccc(-n2cccn2)nc1)C1CCC(c2nccc(Nc3cc[nH]n3)n2)CC1,1
O=C(Nc1ccc(CN2CCNCC2)cc1)c1cccc(Oc2ccnc3[nH]ccc23)c1,1
O=C(Nc1ccc(N2CCOCC2)nc1)c1cccc(-c2ccccc2)c1,1
O=C(Nc1ccc(Nc2ncnc3cc(OCCCN4CCOCC4)ccc23)cc1)c1ccccc1,1
O=C(Nc1ccc(Oc2ccnc3ccccc23)cc1)Nc1ccon1,1
O=C(Nc1ccc(Oc2ccncc2)cc1)Nc1ccnn1-c1ccc2ncccc2c1,1
O=C(Nc1ccc(S(=O)(=O)c2ccccc2)cc1)c1cccc(Cc2ccccc2)c1,1
O=C(Nc1ccc(Sc2nc(Nc3cc[nH]n3)cc(N3CCNCC3)n2)cc1)C1CC1,1
O=C(Nc1ccc2[nH]nc(-c3cccnc3)c2c1)C1CCN(CC(=O)N2CC=C(c3ccc(-c4nc[nH]n4)cc3)CC2)C1,1
O=C(Nc1ccc2c(c1)CCCC2)c1ccccc1,1
O=C(Nc1ccc2ncccc2c1)c1ccccc1COc1ccccc1,1
O=C(Nc1cccc(-c2c[nH]c(=O)c(Nc3ccc(C(=O)N4CCOCC4)cc3)n2)c1)c1ccccc1,1
O=C(Nc1cccc(-c2cccs2)c1)c1ccccc1,1
O=C(Nc1cccc(-c2nc3ccccc3[nH]2)c1)c1ccccc1,1
O=C(Nc1cccc(-n2ccnc2)c1)c1cccc(Nc2nccc(-c3cnccn3)n2)c1,1
O=C(Nc1cccc(NC(=O)c2ccccc2)c1)c1ccccc1,1
O=C(Nc1ccc(CN2CCNCC2)cc1)c1cccc(C=Cc2cnc3[nH]ccc3c2)c1,1
O=C(Nc1ccc(C(=O)N2CCCCC2)cc1)Nc1ccc(-c2nc(N3CCOCC3)nc(N3CCOCC3)n2)cc1,1
O=C(Nc1ccc(-c2cn3c(n2)sc2cc(OCCN4CCOCC4)ccc23)cc1)Nc1ccon1,1
O=C(NCc1cnccn1)c1c(=O)c2ccc(N3CCCNCC3)nc2n2c1sc1ccccc12,1
O=C(NCc1ccc(C(=O)Nc2ccccc2)cc1)OCc1cccnc1,1
O=C(NCc1ccc[nH]c1=O)c1cc(-c2ccc(N3CCNCC3)nc2)cc2[nH]ncc12,1
O=C(NCc1ccc[nH]c1=O)c1cc(NC2CCOCC2)cc(-c2ccc(CN3CCOCC3)cc2)c1,1
O=C(NCc1ccccc1)N1Cc2[nH]nc(Nc3ncnc4ccsc34)c2C1,1
O=C(NCc1ccccc1)Nc1nccs1,1
O=C(NCc1ccccc1)c1cc(-c2ccncc2)c[nH]1,1
O=C(NCc1oc2ccccc2c(=O)c1Cc1ccccc1)c1ccccc1,1
O=C(Nc1cc2c(s1)CNCC2)c1cccs1,1
O=C(NN1CCCCC1)c1cc(-c2ccccc2)n(-c2ccccc2)n1,1
O=C(NOCC1CC1)c1ccccc1Nc1ccccc1,1
O=C(Nc1c[nH]nc1-c1nc2cc(CN3CCOCC3)ccc2[nH]1)NC1CC1,1
O=C(Nc1cc(-c2scnc2-c2ccccc2)ccn1)c1ccccc1,1
O=C(Nc1cc(CCc2ccccc2)n[nH]1)c1ccc(N2CCNCC2)cc1,1
O=C(Nc1cc2c(s1)CCCC2)c1cccc2ccccc12,1
O=C(CCC1CCCN1)NC(Cc1ccccc1)c1nccs1,1
O=C(CC1N=C(c2ccccc2)c2ccsc2-n2cnnc21)Nc1ccccc1,1
O=C(CC1CCNCC1)N1CCC(C2c3ccccc3CCc3cccnc32)CC1,1
C=C1C(=O)CC2C1CCC1C3CCC(=O)C=C3CCC21,1
C1=CC2=CCCCC2CC1,1
C1=CC2CC(c3ccc4c(c3)C35CCN6CC=CC(CCC3N4)C65)c3[nH]c4ccccc4c3CN(C1)C2,1
C1=CC2OC3CCC(C2CC1)C31CO1,1
C1=CCC2C(=C1)c1cc3ccc(cc4nc(cc5ccc(cc2n1)[nH]5)C=C4)[nH]3,1
C1=CCCCC1,1
C1=CCOCc2cc(ccc2OCCN2CCCC2)Nc2nccc(n2)-c2cccc(c2)COC1,1
C1=NC=c2c(=C3C=c4ccccc4=N3)nc(C3CCCCC3)n2N1,1
C1=NNc2ncnc3c2c1cn3C1CCCO1,1
C1=NOCC1,1
C1C2CC3CC1CC(C2)C3,1
C1CCC(OC2CCCC(OC3CCCCO3)C2)OC1,1
C1CCC2C(C1)CCC1CC3CCCC12C3,1
C1CCC2NCCC2C1,1
C1CCNC1,1
C1CCOCC1,1
C1=CC(c2ccccc2)CC=N1,1
C1=CC(c2cc3ccccc3[nH]2)=NC1=Cc1ccc[nH]1,1
C1=C2CCCCC2C2CCC3C(c4cccnc4)=CCC3C2C1,1
C(=Cc1nc(Nc2cc[nH]n2)cc(N2CCNCC2)n1)c1ccccc1,1
C(=CC1CCCC1)CCCc1ccccc1,1
C(=Cc1[nH+]c2cc(-c3nc4ccccc4s3)ccc2n1-c1ccccc1)Nc1ccccc1,1
C(=Cc1ccccn1)c1ccccc1,1
C(=Cc1ccco1)c1nc2ccccc2[nH]1,1
C(=Cc1n[nH]c2cc(Sc3ccccc3)ccc12)c1ccccn1,1
C(=Cc1n[nH]c2ccc(OCc3ccncc3)cc12)c1cn[nH]c1,1
C(=NC=NCCCCCCN=CN=CNc1ccccc1)Nc1ccccc1,1
C1=C2CCC3C4CCCC4CCC3C2Cc2cnoc21,1
C(=NNc1cc(N2CCOCC2)nc(OCCc2ccccn2)n1)c1ccccc1,1
C(=NNc1ccccc1)C1=NCCc2ccccc21,1
C(C=C1CCCC2CCCC12)=C1CCCCC1,1
C(C=CSc1ccccc1)=CSc1ccccc1,1
C(CCN1CCNCC1)=C1c2ccccc2Sc2ccccc21,1
C(Cc1ccccc1)=NNc1nc(-c2ccccc2)cs1,1
C1CSSC1,1
C=C1C(=O)OC2C1CCC=CCCC1OC12,1
O=C(CC1CCCCC1)Nc1cc2c3c(c(-c4cn[nH]c4)[nH]c3c1)C=NNC2=O,1
C=C1CC2C(CCC3C(=O)CCC32)C2C=CC(=O)C=C12,1
O=C(C=CC=CC=CC1C=CC(=O)C2OC12)NC1C(=O)CCC1=O,1
O=C(C=CC=CC=CC=CC1=CCCCC1)Nc1ccccc1,1
O=C(C=CCN1CCCCC1)Nc1ccc2ncnc(Nc3ccccc3)c2c1,1
O=C(C=Cc1cc[nH]c1)c1ccccc1,1
O=C(C=Cc1ccccc1)CC(=O)C=Cc1ccccc1,1
O=C(C=Cc1ccccc1)NCC(=O)NC1CCS(=O)(=O)CC1,1
O=C(C=Cc1ccccc1)NCc1ccccc1,1
O=C(C=Cc1ccccc1)OC1CCC23CC24CCC2CCCC2C4CCC3C1,1
O=C(C=Cc1ccccc1)c1cc(Cc2ccccc2)cc2c1OCC=C2,1
O=C(C=Cc1ccccc1)c1ccccc1,1
O=C(C=Cc1cccnc1)NCc1ccc(C(=O)Nc2ccccc2)cc1,1
O=C(C=Cc1cccnc1)c1c(-c2ccccc2)c2ccccc2[nH]c1=O,1
O=C(C=Cn1cnc(-c2ccccc2)n1)NNc1cnccn1,1
O=C(CC(=O)NNC(=S)c1ccccc1)NNC(=S)c1ccccc1,1
O=C(CC(NC(=O)c1ccccc1)c1ccccc1)OC1C=C2CC(=O)C3CCC4OCC4C3C(OC(=O)c3ccccc3)C(C2)C1,1
O=C(C1CCNCC1)N1Cc2cn[nH]c2C1,1
O=C(C1CC2CCC1O2)N1CCNCC1,1
O1[SiH]2O[SiH]3O[SiH]1O[SiH](O2)O3,1
N=C1C(=C2C(=O)Nc3ccccc32)Nc2ccccc21,1
C=C1CCC2C1CCC1C3CCCCC3CCC21,1
C=C1CCC2CCCCC2C1CC=C1CCOC1=O,1
C=C1CCCC1n1cnc2c(=O)[nH]cnc21,1
C=C1CCCCC1=CC=C1CCCC2C(CC=CCC3CC3)CCC12,1
C=C1NC(=O)C2CSSCCC=CC(CC(=O)NCC(=O)N2)OC(=O)CNC1=O,1
C=C1NC(=O)CNC(=O)CNC2C=Cc3ccc(nc3C2)C(=O)OCC2NC(=O)c3csc(n3)CNC(=O)C3CSC(=N3)C(=C)NC(=O)CNC(=O)c3csc(n3)C3(CCC(c4nccs4)=NC3c3csc2n3)NC(=O)CNC1=O,1
N=C1C(=O)N(Cc2ccccc2)c2ccccc21,1
N=c1sccn1Cc1ccccc1,1
N=C1CCC2C(C1)C(=O)CC1C3CCC(=O)C3CCC21,1
N=C1CCc2cc(-c3[nH]c(-c4ccccc4)nc3-c3ccncc3)ccc21,1
N=C1CCc2cc(-c3c[nH]nc3-c3ccncc3)ccc21,1
N=C1c2cc(S(=O)(=O)N3CCCCC3)ccc2-c2ccc(S(=O)(=O)N3CCCCC3)cc21,1
N=c1c[n+](N2CCOCC2)[n-]o1,1
N=c1cc2n(-c3ccccc3)c3ccccc3nc-2cc1Nc1ccccc1,1
O=C(Nc1cccc(NC(=O)c2ccccc2)n1)c1ccccc1,1
O=C(Nc1cccc(Nc2nccc(-c3cccnc3)n2)c1)c1ccccc1,1
O=C1OCC2C(OC3CCC4OC(c5cccs5)OCC4O3)c3cc4c(cc3C(c3ccccc3)C12)OCO4,1
O=C1CC(c2ccccc2)Oc2cc(OC3CCCC(COC4CCCCO4)O3)ccc21,1
O=C1CC2CCCC3CCC=C3C2O1,1
O=C1CCC(c2ccccc2)C(c2ccccc2)N1,1
O=C1CCC2C1CCC1c3ccccc3CCC12,1
O=C1CCCC=CC(=O)OC2CC(CCCC=CC=CCCCCC(=O)CCC1)OC1(CCCCO1)C2,1
O=C1CCCCCCC2OC2CC(C=Cc2cscn2)NC(=O)CCC1,1
O=C1CCCCCCC2OC2CC(C=Cc2cscn2)OC(=O)CCC1,1
O=C1CCCCOC(=O)CC(OC2CCCCO2)CC(OC2CCCCO2)CCC1,1
O=C1CCCOC(=O)C(NC(=O)c2ccccc2)CO1,1
O=C1CCCON1Cc1ccc(Nc2ccccc2)cc1,1
O=C1CCCc2c1cnn2-c1cccc(NC2CCCCC2)c1,1
O=C1CCO1,1
O=C1CN(C(=O)N2C(c3ccccc3)=NC(c3ccccc3)C2c2ccccc2)CCN1,1
O=C1CNC(=O)C(Cc2c[nH]c3ccccc23)NC(=O)C(c2ccccc2)NC(=O)C2CCCN2C(=O)C(Cc2ccccc2)NC(=O)C(Cc2ccc(OCc3ccccc3)cc2)N1,1
O=C1CNC(=O)C2CCCCN2C(=O)CNC(=O)C(Cc2c[nH]c3ccccc23)N1,1
O=C1CNC(=O)C2CCCN2C(=O)C(CCCCCC(=O)C2CO2)NC(=O)CN1,1
O=C1CC2C3CCC4C5CC(=O)C(=O)CC5CC(O1)C24CO3,1
O=C1CC(c2ccccc2)C(C(=O)Nc2ccc3[nH]ncc3c2)=CN1,1
O=C(Nc1cccc2ccccc12)OCc1ccccc1,1
O=C1CC(OC2CCCCO2)CC(OC2CCCCO2)CCCCNCCCCO1,1
O=C1C=CC2C(=C1)CCC1C3CCCC3CC(=O)C21,1
O=C1C=CC2C(CCC3C4CCCC4CCC23)N1,1
O=C1C=CC2C1CC=CC1C3CC3CCC21,1
O=C1C=CC2C3=CC(=O)C4C5CCCCC5CCC4C3CCC2C1,1
O=C1C=CC2C3Cc4ccccc4C2(CCN3)C1,1
O=C1C=CC=CC1=C1ONC=C1c1ccc(CN2CCOCC2)cc1,1
O=C1C=CC=CC2OC2CCOC(=O)c2ccccc2C1,1
O=C1C=CC=CCCCCCCCCC=COC2Oc3ccc4cc(c5c(nc6ccccn65)c4c3C2=O)N1,1
O=C1C=CCC(C2CCCCC2)N1C(=O)C=Cc1ccccc1,1
O=C1C=CCC(CC2CCC3C2CCC2C3CC3OC34CC=CC(=O)C24)O1,1
O=C1C=CCC2CCCC2C=CCCCCO1,1
O=C1C=CCCC=CCCCC2CC(CC(C3CSC(=O)N3)O2)O1,1
O=C1C=CCCN1C(=O)C=Cc1ccccc1,1
O=C1CC(=O)C2C(=O)C3C(=O)c4ccccc4CC3CC2C1,1
O=C1CC(CCC2CCCCC2=O)CC(=O)N1,1
O=C1CNC(=O)C2CCCN2C(=O)CNC(=O)C(COC(=O)c2cc(=O)cc3oc4cccc(C(=O)OCC5NC(=O)CNC(=O)CNC(=O)C6CCCN6C(=O)CNC5=O)c4nc2-3)NC(=O)CN1,1
O=C1CNC(=O)CNC(=O)CNC(=O)CNC(=O)CNC(=O)CNC(=O)CNC(=O)CNC(=O)CNC(=O)CNC(=O)CN1,1
O=C1CNc2nc(Nc3ccc(C(=O)NC4CCC(N5CCN(CC6CC6)CC5)CC4)cc3)ncc2N1,1
O=C1CNc2nc(Nc3ccccc3)ncc2N1,1
O=C1NCCn2c(-c3ccccc3)nc3cccc1c32,1
O=C1NCc2c1c1c3ccccc3n3c1c1c2c2ccccc2n1C1CCC3O1,1
O=C1Nc2c(cnc3[nH]c(CN4CCOCC4)cc23)CN1c1ccccc1,1
O=C1Nc2ccc(S(=O)(=O)Cc3ccccc3)cc2C1=Cc1cc(C(=O)N2CCCC2CN2CCCC2)c[nH]1,1
O=C1Nc2ccccc2C1=C1C(=O)Nc2ccccc21,1
O=C1Nc2ccccc2C1=C1C=c2ccccc2=N1,1
O=C1Nc2ccccc2C1=C1Nc2ccccc2C1=O,1
O=C1Nc2cnc(Nc3ccc(C(=O)N4CCC(N5CCNCC5)CC4)cc3)nc2Nc2ccccc21,1
O=C1Nc2cnc(Nc3ccc(CN4CCNCC4)cc3)nc2Nc2ccccc21,1
O=C1Nc2cnc(Nc3ccc(N4CCCCC4)cc3)nc2Nc2ccccc21,1
O=C1Nc2cnc(Nc3ccc(N4CCNCC4)cc3)nc2Nc2ccccc21,1
O=C1Nc2cnc(Nc3ccccc3)nc2Nc2ccccc21,1
O=C1OC2CC(CC=CC(OC3CCC(OC4CCCCO4)CO3)CC=CC=C3COC4CC=CC1C34)OC1(CCCCO1)C2,1
O=C1OC2CCCOC2c2ccccc21,1
O=C1OCC2=C1CCC1C2CC2OC23CC2OC2C2OC123,1
O=C1NCC(=O)N2C1Cc1c([nH]c3ccccc13)C2c1ccc2c(c1)OCO2,1
O=C1NC=NC1(c1ccccc1)c1ccccc1,1
O=C1NC2CCCC=C2c2cc3c(cc21)OCO3,1
O=C1N=C(NCc2cccs2)SC1=Cc1ccc2ncccc2c1,1
O=C1Cc2c([nH]c3ccccc23)-c2ccccc2N1,1
O=C1Cc2cc(NC(=O)Nc3ccccc3)ccc2OC(CNCc2ccc(C(=O)Nc3ccccc3)cc2)CCN1,1
O=C1Cc2cc(Nc3nccc(NCc4ccccc4)n3)ccc2N1,1
O=C1Cc2cc(Nc3nccc(NCc4cccnc4)n3)ccc2N1,1
O=C1Cc2cc3n(c(=O)c2CO1)Cc1cc2cc(OC(=O)N4CCC(N5CCCCC5)CC4)ccc2nc1-3,1
O=C1Cc2ccccc2CCN1CCCNCC1Cc2ccccc21,1
O=C1NC(=O)C(=Cc2ccc3nccc(-c4ccncc4)c3c2)S1,1
O=C1NC2(CCCCC2)n2c1ccc(Nc1ccncn1)c2=O,1
O=C1NC(=O)C(c2c[nH]c3ccccc23)=C1c1c[nH]c2ccccc12,1
O=C1NC(=O)C(c2c[nH]c3ccccc23)=C1c1ccccc1,1
O=C1NC(=O)C(c2cn3c4c(cccc24)CCC3)C1c1c[nH]c2ccccc12,1
O=C1NC(=O)C(c2coc3ccccc23)=C1c1c[nH]c2cc3c(cc12)OCO3,1
O=C1NC(=O)c2c1c(-c1ccccc1)cc1[nH]c3ccccc3c21,1
O=C1NC(=O)c2c1c1c3ccccc3n3c1c1c2c2ccccc2n1C1CCC3O1,1
O=C1C=CC2C(=C1)CCC1C2CCC2C1CC1OC3(CCCC3)OC12,1
O=C1C=CC2C(=C1)CCC1C2CCC2C1CC1OC(C3CCCCC3)OC12,1
O=C1C=CC2=CC=C3C(CCC4C3CCC3CCCCC34)C2=C1,1
O=C(OC1CC2CCC(C1)N2)c1ccccc1,1
O=C(Nc1ccccn1)C(=O)NC1CCCCC1NC(=O)c1nc2c(s1)CNCC2,1
O=C(Nc1ccccn1)C1=Cc2ccccc2S(=O)(=O)N1,1
O=C(Nc1cccnc1)C1CCCN1c1nc(Nc2cc(C3CC3)[nH]n2)c2cccn2n1,1
O=C(Nc1cccnc1)c1cncc(-c2ccc(S(=O)(=O)N3CCNCC3)cc2)n1,1
O=C(Nc1ccn2c(c1)cc1nc3ccccc3nc12)c1cccs1,1
O=C(Nc1ccncc1)C(=O)c1cn(Cc2ccccc2)c2ccccc12,1
O=C(Nc1ccncc1)C1CCCCC1,1
O=C(Nc1ccncc1)Nc1ccc(-c2nc(N3CCOCC3)nc(N3C4CCC3COC4)n2)cc1,1
O=C(Nc1cn[nH]c1C(=O)NC1CCNCC1)c1ccccc1,1
O=C(Nc1cnccn1)Nc1ccccc1OCC1CNCCO1,1
O=C(Nc1n[nH]c2c1CN(C(=O)Cc1ccccc1)C2)c1ccc(N2CCNCC2)cc1,1
O=C(Nc1n[nH]c2ccc(Cc3ccccc3)cc12)c1ccc(N2CCNCC2)cc1NC1CCOCC1,1
O=C(Nc1ncc(-c2ccncc2)s1)N1CCCC1,1
O=C(Nc1ncc(SCc2ncco2)s1)C1CCNCC1,1
O=C(Nc1ncc(Sc2cccc(C(=O)N3CCNCC3)c2)s1)c1ccccc1,1
O=C(Nc1ccccc1)c1cnc(N2CCCC2)c(-c2ccn[nH]2)c1,1
O=C(Nc1ccccc1)c1cccc(OC(=O)N(c2ccccc2)c2ccnc(Nc3ccc(N4CCNCC4)cc3)n2)c1,1
O=C(Nc1ccccc1)c1cccc(NC(=O)c2ccno2)c1,1
O=C(Nc1ccccc1)Nc1ccc(Oc2ccnc3ccccc23)cc1,1
O=C(Nc1ccccc1)C1(C(=O)Nc2ccc(Oc3ccnc(-c4cn[nH]c4)c3)cc2)CC1,1
O=C(Nc1ccccc1)N(c1ccccc1)c1cc(Nc2ccc(N3CCNCC3)cc2)ncn1,1
O=C(Nc1ccccc1)NC1CCNC(c2nc3ccccc3[nH]2)C1,1
O=C(Nc1ccccc1)Nc1ccc(-c2cccc3[nH]ncc23)cc1,1
O=C(Nc1ccccc1)Nc1ccc(-c2cnco2)cc1,1
O=C(Nc1ccccc1)Nc1ccc(Oc2ccccc2)cc1,1
O=C(Nc1ccccc1)Nc1ccc2c(c1)C(=O)NCCC(CNCc1ccccc1)OCCCCCO2,1
O=C(Nc1ccccc1)c1ccc2c(c1)CCCC2,1
O=C(Nc1ccccc1)Nc1ccc2c(c1)C(=O)NCCC(CNS(=O)(=O)c1ccccc1)OCCCCCO2,1
O=C(Nc1ccccc1)Nc1cccc2c1OC(CNCc1ccc(C(=O)Nc3ccccc3)cc1)CCNC2=O,1
O=C(Nc1ccccc1)Nc1ncc(CCNc2ncnc3ccsc23)s1,1
O=C(Nc1ccccc1)OCc1ccc2ccccc2c1,1
O=C(Nc1ccccc1)c1c[nH]c(-c2ccccc2)c1-c1ccccc1,1
O=C(Nc1ccccc1)c1ccc(Nc2ccnc(Nc3ccc(CC(=O)N4CCNCC4)cc3)n2)cc1,1
O=C(Nc1nccs1)C1=Cc2ccccc2S(=O)(=O)N1,1
O=C(OC1CCC2CC3c4[nH]c5ccccc5c4CCN3CC2C1)c1ccccc1,1
O=C1C=CC2(CC1)Oc1ccccc1C2=O,1
O=C(OCC1=CC2C(=O)C3(C=CC(OC(=O)c4ccccc4)C3C1)CCC1CC12)c1ccccc1,1
O=C(c1ccccc1)c1coc2ccccc12,1
O=C(c1ccccc1Nc1ccccc1)N1CC(C2CCCCN2)C1,1
O=C1C(=Cc2ccc(-c3ccccc3)o2)C=NN1c1ccccc1,1
O=C1C(=Cc2ccccc2)CNCC1=Cc1ccccc1,1
O=C1C2C=CCC3CC=CC13CCC1CC12,1
O=C1C2NC(=O)C3(CC4(C56CC78SSC(NC7=O)C(=O)N8C5Nc5ccccc56)c5ccccc5NC4N13)SS2,1
O=C1C=C(NCCN2CCOCC2)C(=O)c2ncccc21,1
O=C1C=C2C(CC1)C1CCC3C(C4CC4C34CCC(=O)O4)C1C1CC21,1
O=C1C=C2C=CC3C4CCCC4CCC3C2CC1,1
O=C1C=C2CCC3C(=C2CC1)C(c1ccccc1)CC1CCCC13,1
O=C1C=C2CCC3C(=C2CC1)C=CC1CCCC13,1
O=C1C=C2CCC3C(CCC4C3CCC43CCC(=O)O3)C2CC1,1
O=C1C=C2CCC3C4CCC5(CCC(=O)O5)C4CC4OC43C2CC1,1
O=C1C=CC(=O)C2=C1CC1C3NC3CN21,1
O=C1C=CC(=O)c2ccccc21,1
O=C(c1ccccc1)c1cnc2[nH]ncc2c1,1
O=C(c1ccccc1)c1cnc(NC2CCNCC2)nc1,1
O=C(c1ccccc1)c1ccc(OCCN2CCOCC2)cc1,1
O=C(c1ccc(C=Cc2n[nH]c3ccccc23)cc1)N1CCNCC1,1
O=C(OCCCN1CCC(c2ccccc2)(c2ccccc2)CC1)C1=CNC=CC1c1ccccc1,1
O=C(ON1CCC(c2ccccc2)(c2ccccc2)CC1)C1=CNC=CC1c1ccccc1,1
O=C(Oc1ccc2cc1Oc1ccc(cc1)CC1NCCc3ccc(cc31)Oc1cccc3c1C(C2)NCC3)c1ccccc1,1
O=C(Oc1ccc2ccccc2c1)c1ccccc1,1
O=C(Oc1cccc(C=NNc2nc(Nc3ccccc3)nc(N3CCOCC3)n2)c1)c1ccco1,1
O=C(c1ccc(-c2ccc3ncc(-c4ccccc4)n3c2)cc1)N1CCOCC1,1
O=C(c1ccc(Nc2nccc(-c3cc4ccccc4s3)n2)cc1)N1CCC(N2CCCC2)CC1,1
O=C(c1ccccc1)c1cc2ccccc2[nH]1,1
O=C(c1ccc2[nH]ccc2c1)N1CCN(Cc2ccccc2)CC1,1
O=C(c1ccccc1)C(CN1CCOCC1)c1ccccc1,1
O=C(c1ccccc1)N(c1ccccc1)S(=O)(=O)c1ccccc1,1
O=C(c1ccccc1)N1Cc2ccc(CN3CCNCC3)cc2C1,1
O=C(c1ccccc1)N1c2ccccc2Sc2ccccc21,1
O=C(c1ccccc1)c1c[nH]c(C(=O)Nc2cccnc2)c1,1
c1nonc1-c1nc2cncc(OCC3CCCNC3)c2[nH]1,1
