feature_set,minimum_profiles,n_compounds,fold,r2,mae,spearman
128D_embedding_only,5,2624,1,0.1536325265472347,0.10865878447039581,0.40944261458727205
128D_embedding_only,5,2624,2,0.17709685252551888,0.11275414299573437,0.4677610649395156
128D_embedding_only,5,2624,3,0.16295562165994182,0.10755194668433588,0.42060855917313344
128D_embedding_only,5,2624,4,0.16711730160467242,0.1104191657540567,0.42495661894962045
128D_embedding_only,5,2624,5,0.1819466223048538,0.11039013366879519,0.5030087830480444
128D_embedding_only,5,2624,6,0.14700853534499314,0.11134681646493828,0.4016107999451642
128D_embedding_only,5,2624,7,0.17604639681270484,0.11345350838879535,0.4738497831901019
128D_embedding_only,5,2624,8,0.16748149759911402,0.11059494086044429,0.4347506937558124
128D_embedding_only,5,2624,9,0.15484805790801193,0.11312183578897521,0.4001420817682526
128D_embedding_only,5,2624,10,0.2152200521223565,0.10080726683454509,0.5266012981731544
128D_embedding_only,5,2624,11,0.16552749749835982,0.10507226784225095,0.4217797485700415
128D_embedding_only,5,2624,12,0.17306231709120568,0.11106200431925699,0.4202294679355095
128D_embedding_only,5,2624,13,0.1771256461305074,0.11507938948546324,0.4795412466197503
128D_embedding_only,5,2624,14,0.14108131626481724,0.11218396821768,0.42375007142235915
128D_embedding_only,5,2624,15,0.19659739360025663,0.10579328927483148,0.47499340010265395
130D_embedding_plus_step1_QC,5,2624,1,0.1535233640966387,0.1087355956535609,0.4061863346996246
130D_embedding_plus_step1_QC,5,2624,2,0.17489963378859907,0.11315996882320035,0.45746604114342126
130D_embedding_plus_step1_QC,5,2624,3,0.16468213319782887,0.1076756784863579,0.4239475183911089
130D_embedding_plus_step1_QC,5,2624,4,0.16894384865942846,0.11042518512481952,0.4296056444936153
130D_embedding_plus_step1_QC,5,2624,5,0.1792676388861234,0.11044496932817412,0.49786956971307933
130D_embedding_plus_step1_QC,5,2624,6,0.15164073117986399,0.1109567553216364,0.4127563423864357
130D_embedding_plus_step1_QC,5,2624,7,0.18068297949671497,0.11283693297768892,0.4900977603251588
130D_embedding_plus_step1_QC,5,2624,8,0.1672228310713625,0.11042516256483434,0.4422914857222415
130D_embedding_plus_step1_QC,5,2624,9,0.15167085063528107,0.11306256704678425,0.3992360026227866
130D_embedding_plus_step1_QC,5,2624,10,0.21022608264695208,0.10109797000074329,0.5183490978811053
130D_embedding_plus_step1_QC,5,2624,11,0.1613830574493893,0.10532360994914378,0.416299485858434
130D_embedding_plus_step1_QC,5,2624,12,0.17276543274459855,0.11104727758418116,0.4223520287165655
130D_embedding_plus_step1_QC,5,2624,13,0.1714977398674442,0.11598888464991365,0.46395885740396664
130D_embedding_plus_step1_QC,5,2624,14,0.14376909863367593,0.11157998106258642,0.4275374259374008
130D_embedding_plus_step1_QC,5,2624,15,0.19311935016373427,0.10591257264312699,0.4690792748543349
128D_embedding_only,10,1463,1,0.1610114997572607,0.08663255281077552,0.436596881024921
128D_embedding_only,10,1463,2,0.15724168024337004,0.08845993497481733,0.43712293463834645
128D_embedding_only,10,1463,3,0.16442839080984906,0.08226949346394219,0.4009056254161417
128D_embedding_only,10,1463,4,0.14722075546114632,0.08123506269879412,0.41639172128557866
128D_embedding_only,10,1463,5,0.12322333630351212,0.09413521430700157,0.3758261906471821
128D_embedding_only,10,1463,6,0.16782326772122436,0.08859011396114731,0.4199327686793196
128D_embedding_only,10,1463,7,0.15546608691848518,0.08532581700961842,0.40252075052415537
128D_embedding_only,10,1463,8,0.09553581524723587,0.08580185524504659,0.32374419224845286
128D_embedding_only,10,1463,9,0.15733446769305182,0.08656381307625735,0.41315133396716197
128D_embedding_only,10,1463,10,0.1718258336866456,0.08924057431566235,0.4724501197684974
128D_embedding_only,10,1463,11,0.18990444066609502,0.08473017756717012,0.5016416635349216
128D_embedding_only,10,1463,12,0.19231684705492036,0.08776846930805719,0.460154583508252
128D_embedding_only,10,1463,13,0.15110327948144864,0.08252205876342061,0.41855183490080367
128D_embedding_only,10,1463,14,0.1474043808008193,0.08524123066119732,0.3804735356308499
128D_embedding_only,10,1463,15,0.18697019938371973,0.08796390466220903,0.4745356329069066
130D_embedding_plus_step1_QC,10,1463,1,0.16362157272768096,0.08685375297953496,0.44179123702889767
130D_embedding_plus_step1_QC,10,1463,2,0.15431718198278133,0.08823026432328543,0.4241642423484893
130D_embedding_plus_step1_QC,10,1463,3,0.16338404853326827,0.08215291441920296,0.40956257047249806
130D_embedding_plus_step1_QC,10,1463,4,0.15533123286071449,0.08110245334225372,0.4223905734255187
130D_embedding_plus_step1_QC,10,1463,5,0.12586789699881795,0.09395402706940326,0.3829297552986337
130D_embedding_plus_step1_QC,10,1463,6,0.16360402282758046,0.0893375500178665,0.41586573295798407
130D_embedding_plus_step1_QC,10,1463,7,0.147819579405153,0.0861849454417183,0.3842097912490082
130D_embedding_plus_step1_QC,10,1463,8,0.1045340050236796,0.08554433134548073,0.33524495961827583
130D_embedding_plus_step1_QC,10,1463,9,0.16886625494493146,0.08567658485521346,0.4418123782222656
130D_embedding_plus_step1_QC,10,1463,10,0.16694991119218383,0.08958034634862562,0.4453897605341896
130D_embedding_plus_step1_QC,10,1463,11,0.18713300204496452,0.08537160495241448,0.49800923921012985
130D_embedding_plus_step1_QC,10,1463,12,0.18950048649172424,0.08797685401270541,0.4638060985423198
130D_embedding_plus_step1_QC,10,1463,13,0.14436521280857328,0.08321368949045468,0.4049428909536132
130D_embedding_plus_step1_QC,10,1463,14,0.14638494068883845,0.08509140684737784,0.38334282049786644
130D_embedding_plus_step1_QC,10,1463,15,0.17155888632342353,0.08905278007141926,0.4425633184037107
128D_embedding_only,20,801,1,0.14109871132882668,0.06321600098594037,0.37807566861902214
128D_embedding_only,20,801,2,0.08678639887415374,0.0633874393624176,0.330742654065668
128D_embedding_only,20,801,3,0.1232334543963346,0.06737104642204941,0.32900674514155753
128D_embedding_only,20,801,4,0.13319912219458474,0.06299853898550697,0.34331004871540965
128D_embedding_only,20,801,5,0.14212346825932165,0.06129314735378137,0.4046701043009493
128D_embedding_only,20,801,6,0.08239819000968418,0.06398977061855465,0.32466523224734656
128D_embedding_only,20,801,7,0.1301035947375183,0.06234774859855726,0.3490360951599672
128D_embedding_only,20,801,8,0.1354928547149653,0.06457984395425301,0.3411754365404899
128D_embedding_only,20,801,9,0.10690938058005073,0.06666642885910504,0.4143182455748252
128D_embedding_only,20,801,10,0.15853534964343197,0.06102286290233801,0.44634653697410054
128D_embedding_only,20,801,11,0.10753976336772442,0.061731478206628186,0.30900333563377047
128D_embedding_only,20,801,12,0.07924276126778473,0.0616378010125753,0.32103304816594397
128D_embedding_only,20,801,13,0.19457174906461905,0.0623781549918543,0.5017197937419431
128D_embedding_only,20,801,14,0.11793021561713057,0.0670286201630719,0.3905267714512148
128D_embedding_only,20,801,15,0.13868286614633207,0.06307410009498701,0.380135942810266
130D_embedding_plus_step1_QC,20,801,1,0.1536755800481806,0.0630370153587304,0.3931119113124372
130D_embedding_plus_step1_QC,20,801,2,0.09930196794748458,0.06253916280900598,0.3580967699643305
130D_embedding_plus_step1_QC,20,801,3,0.11908572148711283,0.06774932884989153,0.3268181814853372
130D_embedding_plus_step1_QC,20,801,4,0.13280168254061442,0.0631172450338102,0.3310781166341248
130D_embedding_plus_step1_QC,20,801,5,0.13240242026046312,0.061588918697298455,0.3915563107933903
130D_embedding_plus_step1_QC,20,801,6,0.08258489566440963,0.06432828808849674,0.3207027265232069
130D_embedding_plus_step1_QC,20,801,7,0.13196335247423474,0.06219153216247604,0.3579661314895113
130D_embedding_plus_step1_QC,20,801,8,0.16015080135131565,0.06365829724574777,0.38404136880346884
130D_embedding_plus_step1_QC,20,801,9,0.10381843469003516,0.06663465851662528,0.42327465668200787
130D_embedding_plus_step1_QC,20,801,10,0.16328298459679413,0.06071273258908183,0.4449490214461502
130D_embedding_plus_step1_QC,20,801,11,0.11005157893567674,0.06175572922208787,0.277774902231424
130D_embedding_plus_step1_QC,20,801,12,0.07126647841092038,0.061999664786364914,0.3080598851517637
130D_embedding_plus_step1_QC,20,801,13,0.18607586859022363,0.06325989244244994,0.48772120004687686
130D_embedding_plus_step1_QC,20,801,14,0.11168121593434499,0.06761144360104418,0.36378644950968503
130D_embedding_plus_step1_QC,20,801,15,0.14164630380549592,0.06298504517619342,0.38431091058244465
128D_embedding_only,25,700,1,0.10253686326623168,0.055634925721168925,0.37419693424591643
128D_embedding_only,25,700,2,0.12422089676274639,0.06449556724879711,0.3436705954385428
128D_embedding_only,25,700,3,0.08893421178044836,0.0641089243715452,0.30755505018477625
128D_embedding_only,25,700,4,0.19836544118846822,0.05800721400571714,0.39052721348756864
128D_embedding_only,25,700,5,0.13526029631601366,0.053610108225295904,0.4065950886707048
128D_embedding_only,25,700,6,0.10750268128085738,0.06281253755868718,0.2718899652314623
128D_embedding_only,25,700,7,0.1807228121593577,0.059036666303376374,0.4768494019374167
128D_embedding_only,25,700,8,0.15616828605636324,0.05644340829901574,0.37977780912074605
128D_embedding_only,25,700,9,0.12259384516403993,0.05929694340589145,0.3706938400647264
128D_embedding_only,25,700,10,0.03682046378254411,0.05726318543838959,0.3417288054055237
128D_embedding_only,25,700,11,0.1852317496445527,0.055531195884189054,0.4143491285998558
128D_embedding_only,25,700,12,0.08221484552466063,0.05907888619410139,0.3365900592595833
128D_embedding_only,25,700,13,0.0332092390242692,0.06499874846325032,0.2940980953838753
128D_embedding_only,25,700,14,0.0922442986887071,0.06109449368818173,0.32225842426362866
128D_embedding_only,25,700,15,0.12423911118884301,0.05594326451934342,0.3508302364155914
130D_embedding_plus_step1_QC,25,700,1,0.10530034862815218,0.055869828738147984,0.3943189521331264
130D_embedding_plus_step1_QC,25,700,2,0.11898502377573683,0.06484283310308872,0.34128271850604625
130D_embedding_plus_step1_QC,25,700,3,0.0946028803301896,0.06390507842430933,0.3059237716210011
130D_embedding_plus_step1_QC,25,700,4,0.2093074762226187,0.05782862592089392,0.4032669305285256
130D_embedding_plus_step1_QC,25,700,5,0.11543889375754968,0.05401110065822443,0.3852791323172466
130D_embedding_plus_step1_QC,25,700,6,0.10740797786811684,0.063111555127365,0.24658984058953448
130D_embedding_plus_step1_QC,25,700,7,0.1923887461798689,0.05819357737654021,0.5037851785440949
130D_embedding_plus_step1_QC,25,700,8,0.16912710605094283,0.055848606247765296,0.4016841985572349
130D_embedding_plus_step1_QC,25,700,9,0.11166061687948026,0.05949784022552804,0.3533707988016882
130D_embedding_plus_step1_QC,25,700,10,0.06608120775299842,0.056117708205387286,0.3930331722463975
130D_embedding_plus_step1_QC,25,700,11,0.19885743681165347,0.05532412000457271,0.4365747523561698
130D_embedding_plus_step1_QC,25,700,12,0.07950134430769462,0.05949523372686514,0.3486475257483983
130D_embedding_plus_step1_QC,25,700,13,0.017138783509444422,0.06498983041418804,0.274019811506418
130D_embedding_plus_step1_QC,25,700,14,0.08164567390298438,0.061401028529519126,0.3211738208217621
130D_embedding_plus_step1_QC,25,700,15,0.11046056827337258,0.056220014197867194,0.3257531278053245
128D_embedding_only,50,478,1,0.23161715650782722,0.05273119418193694,0.47817417254476396
128D_embedding_only,50,478,2,0.11671934226363523,0.05186649367557322,0.3411964188822572
128D_embedding_only,50,478,3,0.19491003239549454,0.053247154406944476,0.42753662506782425
128D_embedding_only,50,478,4,0.24053866482703623,0.05351947132450966,0.4715565509518477
128D_embedding_only,50,478,5,0.10082157531973635,0.05308293203073629,0.3390677491601343
128D_embedding_only,50,478,6,0.3195146719906897,0.0461068927403022,0.5362859468258274
128D_embedding_only,50,478,7,0.2207284094470987,0.0545985218760713,0.5054259359739556
128D_embedding_only,50,478,8,0.027609730688531342,0.0543844796104822,0.2557650569723277
128D_embedding_only,50,478,9,0.22491439320002804,0.05329496580971439,0.41293393057110866
128D_embedding_only,50,478,10,0.17347820221099797,0.05313767409026624,0.42348824188129897
128D_embedding_only,50,478,11,0.20142612318096698,0.05522184623188023,0.31074335322843194
128D_embedding_only,50,478,12,0.16659443138728525,0.05475006350763661,0.4673087357569181
128D_embedding_only,50,478,13,0.1036545885537713,0.05198703730980762,0.33585187194791105
128D_embedding_only,50,478,14,0.25709519014372173,0.04922259092506085,0.537067948869291
128D_embedding_only,50,478,15,0.1652496573606257,0.05289972197774211,0.37854143337066065
130D_embedding_plus_step1_QC,50,478,1,0.2257649845917662,0.053296344338217755,0.44582202930005427
130D_embedding_plus_step1_QC,50,478,2,0.11247844260411333,0.05168420749615565,0.3450081389039609
130D_embedding_plus_step1_QC,50,478,3,0.1991054270798447,0.0531389992268135,0.4338714053174173
130D_embedding_plus_step1_QC,50,478,4,0.2634212457459366,0.05246877100538268,0.5194988801791713
130D_embedding_plus_step1_QC,50,478,5,0.0972688491392123,0.05292614113711994,0.3249440089585666
130D_embedding_plus_step1_QC,50,478,6,0.321410625151077,0.04617511942022892,0.5507867607162236
130D_embedding_plus_step1_QC,50,478,7,0.24179919153620733,0.053622871683548366,0.5241861096039068
130D_embedding_plus_step1_QC,50,478,8,0.011729330749137623,0.054674138443311725,0.22906945198046663
130D_embedding_plus_step1_QC,50,478,9,0.21537770743889284,0.05390611274252859,0.40120380739081746
130D_embedding_plus_step1_QC,50,478,10,0.15600343715077403,0.05367509029167793,0.4143756998880179
130D_embedding_plus_step1_QC,50,478,11,0.2000155111942803,0.05460186210155701,0.3458898534997287
130D_embedding_plus_step1_QC,50,478,12,0.15863250581250754,0.0551285309883145,0.454869777536625
130D_embedding_plus_step1_QC,50,478,13,0.10279554114763811,0.05246932245664193,0.3406945198046663
130D_embedding_plus_step1_QC,50,478,14,0.26117518601634737,0.049670745970256495,0.5317767769376659
130D_embedding_plus_step1_QC,50,478,15,0.1475385066910273,0.05379803808365473,0.3553751399776036
128D_embedding_only,75,398,1,0.19968257626687913,0.05034380064941948,0.42658227848101266
128D_embedding_only,75,398,2,0.06696577708086326,0.05896698100119828,0.2979606188466948
128D_embedding_only,75,398,3,0.28162013460801005,0.061382657487752554,0.5045036597816341
128D_embedding_only,75,398,4,0.251653800279631,0.049004466776040576,0.4949367088607595
128D_embedding_only,75,398,5,0.038614562051704104,0.053778334304627494,0.27650925024342743
128D_embedding_only,75,398,6,0.251321930117949,0.05514289380445454,0.5014767932489451
128D_embedding_only,75,398,7,0.10273845549103677,0.058615975486300854,0.31769807782466014
128D_embedding_only,75,398,8,0.24988454131210736,0.05441749565048761,0.46976090014064703
128D_embedding_only,75,398,9,0.06905111553410037,0.04863971665001739,0.3496835443037975
128D_embedding_only,75,398,10,0.14929799288090084,0.05689274744249343,0.42758033106134374
128D_embedding_only,75,398,11,0.17791852394571528,0.054838271423925944,0.3364510079699954
128D_embedding_only,75,398,12,0.25304980374730546,0.058746460999455366,0.48201173237895417
128D_embedding_only,75,398,13,0.2257512403789762,0.05013389564507331,0.4874355368026254
128D_embedding_only,75,398,14,0.19824941564092813,0.05626550746454466,0.4023369036027264
128D_embedding_only,75,398,15,0.12495385894183186,0.05000120647232742,0.46295034079844205
130D_embedding_plus_step1_QC,75,398,1,0.19269820904317914,0.051416097982383,0.3993436474449133
130D_embedding_plus_step1_QC,75,398,2,0.05870287896320292,0.05953046582614372,0.26870604781997187
130D_embedding_plus_step1_QC,75,398,3,0.2876957111120615,0.06114434390707561,0.5132472647021132
130D_embedding_plus_step1_QC,75,398,4,0.24721567174312986,0.049399686182412965,0.47519474196689393
130D_embedding_plus_step1_QC,75,398,5,0.051273879552924506,0.0539287717002228,0.3101022395326193
130D_embedding_plus_step1_QC,75,398,6,0.2532957841085147,0.055373902337315116,0.4849742147210502
130D_embedding_plus_step1_QC,75,398,7,0.09152254669460358,0.05913399492480487,0.3018752930145336
130D_embedding_plus_step1_QC,75,398,8,0.24103136277756088,0.0554560004949259,0.46127519924988286
130D_embedding_plus_step1_QC,75,398,9,0.06773379722452255,0.0488052643517401,0.3412852969814995
130D_embedding_plus_step1_QC,75,398,10,0.12816559545793726,0.05817826111834758,0.38897273612463495
130D_embedding_plus_step1_QC,75,398,11,0.19874575389272886,0.05450613023769103,0.379957805907173
130D_embedding_plus_step1_QC,75,398,12,0.25701494483163523,0.057941286010512495,0.48885659199498604
130D_embedding_plus_step1_QC,75,398,13,0.2000277112275135,0.05111967220492667,0.4483825597749649
130D_embedding_plus_step1_QC,75,398,14,0.1915192373476744,0.05632465898745423,0.3897760467380721
130D_embedding_plus_step1_QC,75,398,15,0.1211235961165188,0.05039867299889467,0.4367088607594937
128D_embedding_only,100,349,1,0.3001088630152051,0.05457901825919035,0.5853731082145044
128D_embedding_only,100,349,2,0.13624550135585412,0.05811954070507062,0.3610007873326918
128D_embedding_only,100,349,3,0.2066628906160748,0.05919709110110995,0.45579564342577206
128D_embedding_only,100,349,4,0.37121968185350096,0.0492144267888296,0.6081882599947511
128D_embedding_only,100,349,5,0.1758511502495571,0.051906769676520935,0.3546218487394958
128D_embedding_only,100,349,6,0.07101936780748763,0.0598330470092594,0.3412649811914968
128D_embedding_only,100,349,7,0.14588366238573214,0.05777251564878074,0.3161403201819613
128D_embedding_only,100,349,8,0.2901684058956786,0.053838948725838026,0.46495026640101605
128D_embedding_only,100,349,9,0.2770144443521929,0.055605532398004,0.4989064823724958
128D_embedding_only,100,349,10,0.2266881804871672,0.051101311019257405,0.4035440263061747
128D_embedding_only,100,349,11,0.1373073833298908,0.05837709856036879,0.3460589624704751
128D_embedding_only,100,349,12,0.32753408715412946,0.05338790589922241,0.5850231825737031
128D_embedding_only,100,349,13,0.19647300226831277,0.05468070401137784,0.3483684716997638
128D_embedding_only,100,349,14,0.13443334933650586,0.0547672059317431,0.4292712798530312
128D_embedding_only,100,349,15,0.270083055844338,0.05571255029601174,0.5374497625137011
130D_embedding_plus_step1_QC,100,349,1,0.3054558919403261,0.05404524095501939,0.598705275129035
130D_embedding_plus_step1_QC,100,349,2,0.1120255919906793,0.05885280197617557,0.35669670195083547
130D_embedding_plus_step1_QC,100,349,3,0.22524909457829634,0.05856524195394338,0.4821800367421922
130D_embedding_plus_step1_QC,100,349,4,0.36684337288902835,0.04943672028421643,0.5965707287201469
130D_embedding_plus_step1_QC,100,349,5,0.18819123979510444,0.051137796157620034,0.38041651443185975
130D_embedding_plus_step1_QC,100,349,6,0.07358482594416682,0.059594348800182294,0.33097716735193766
130D_embedding_plus_step1_QC,100,349,7,0.1451686396564471,0.057527990385925536,0.3414749365759776
130D_embedding_plus_step1_QC,100,349,8,0.2941441845938124,0.053880796019732995,0.45637701320102747
130D_embedding_plus_step1_QC,100,349,9,0.2876953144924368,0.05511513546435602,0.5454465925990727
130D_embedding_plus_step1_QC,100,349,10,0.22674594045763918,0.05076913593954221,0.40774570697844364
130D_embedding_plus_step1_QC,100,349,11,0.13388870610244585,0.05813979672640564,0.3348263494007523
130D_embedding_plus_step1_QC,100,349,12,0.3209256962960352,0.05357450167448036,0.5738605546321406
130D_embedding_plus_step1_QC,100,349,13,0.2059755663676236,0.05439328545860593,0.38322106552357627
130D_embedding_plus_step1_QC,100,349,14,0.1473660292426746,0.05489965640100699,0.46818301111013905
130D_embedding_plus_step1_QC,100,349,15,0.2639298587506317,0.05596621419777326,0.5172086225794666
